Unity Editor version:    6000.3.9f1 (7a9955a4f2fa)
Branch:                  6000.3/staging
Build type:              Release
Batch mode:              YES
macOS version:           Version 15.7.7 (Build 24G720)
Darwin version:          24.6.0
Architecture:            arm64
Running under Rosetta:   NO
Available memory:        18432 MB
Date:                    2026-09-10T15:11:32Z
[Licensing::Module] Trying to connect to existing licensing client channel...
[Licensing::IpcConnector] Successfully connected to: "LicenseClient-redacted-local-user" at "2026-09-10T15:11:32.169713Z"
Launching external process: /Users/<redacted-local-user>/Desktop/Repos/Platform VR/.unity-editors/6000.3.9f1/Unity.app/Contents/Resources/PackageManager/Server/UnityPackageManager

COMMAND LINE ARGUMENTS:
/Users/<redacted-local-user>/Desktop/Repos/Platform VR/.unity-editors/6000.3.9f1/Unity.app/Contents/MacOS/Unity
-batchmode
-silent-crashes
-logFile
/Users/<redacted-local-user>/Desktop/Repos/Platform VR/SpatialGrid-VR/blueprint/evidence/environment/env003_playmode_20260910_111132.log
-projectPath
/Users/<redacted-local-user>/Desktop/Repos/Platform VR/SpatialGrid-VR
-runTests
-testPlatform
PlayMode
-testResults
/Users/<redacted-local-user>/Desktop/Repos/Platform VR/SpatialGrid-VR/blueprint/evidence/environment/env003_playmode_results_20260910_111132.xml
Successfully changed project path to: /Users/<redacted-local-user>/Desktop/Repos/Platform VR/SpatialGrid-VR
/Users/<redacted-local-user>/Desktop/Repos/Platform VR/SpatialGrid-VR
[UnityMemory] Configuration Parameters - Can be set up in boot.config
    "memorysetup-allocator-temp-initial-block-size-main=262144"
    "memorysetup-allocator-temp-initial-block-size-worker=262144"
    "memorysetup-temp-allocator-size-background-worker=32768"
    "memorysetup-temp-allocator-size-job-worker=262144"
    "memorysetup-temp-allocator-size-preload-manager=33554432"
    "memorysetup-temp-allocator-size-nav-mesh-worker=65536"
    "memorysetup-temp-allocator-size-audio-worker=65536"
    "memorysetup-temp-allocator-size-cloud-worker=32768"
    "memorysetup-bucket-allocator-granularity=16"
    "memorysetup-bucket-allocator-bucket-count=8"
    "memorysetup-bucket-allocator-block-size=33554432"
    "memorysetup-bucket-allocator-block-count=8"
    "memorysetup-main-allocator-block-size=16777216"
    "memorysetup-thread-allocator-block-size=16777216"
    "memorysetup-gfx-main-allocator-block-size=16777216"
    "memorysetup-gfx-thread-allocator-block-size=16777216"
    "memorysetup-cache-allocator-block-size=4194304"
    "memorysetup-typetree-allocator-block-size=2097152"
    "memorysetup-profiler-bucket-allocator-granularity=16"
    "memorysetup-profiler-bucket-allocator-bucket-count=8"
    "memorysetup-profiler-bucket-allocator-block-size=33554432"
    "memorysetup-profiler-bucket-allocator-block-count=8"
    "memorysetup-profiler-allocator-block-size=16777216"
    "memorysetup-profiler-editor-allocator-block-size=1048576"
    "memorysetup-temp-allocator-size-main=16777216"
    "memorysetup-job-temp-allocator-block-size=2097152"
    "memorysetup-job-temp-allocator-block-size-background=1048576"
    "memorysetup-job-temp-allocator-reduction-small-platforms=262144"
    "memorysetup-temp-allocator-size-gi-baking-worker=262144"
    "memorysetup-temp-allocator-size-gi-baking-worker=262144"
    "memorysetup-temp-allocator-size-gi-baking-worker=262144"
    "memorysetup-temp-allocator-size-gi-baking-worker=262144"
    "memorysetup-temp-allocator-size-gi-baking-worker=262144"
    "memorysetup-temp-allocator-size-gfx=262144"
Player connection [8813961920]  Target information:

Player connection [8813961920]  * "[IP] 192.168.1.238 [Port] 55504 [Flags] 2 [Guid] 2311381623 [EditorId] 2311381623 [Version] 1048832 [Id] OSXEditor(0,Mac) [Debug] 1 [PackageName] OSXEditor [ProjectName] Editor" 

Player connection [8813961920] Host joined multi-casting on [225.0.0.222:54997]...
Player connection [8813961920] Host joined alternative multi-casting on [225.0.0.222:34997]...
Input System module state changed to: Initialized.
[Physics::Module] Initialized fallback backend.
[Physics::Module] Id: 0xdecafbad
[Package Manager] Connected to IPC stream "Upm-51129" after 0.2 seconds.
[Licensing::Module] Licensing is not yet initialized.
[Licensing::Client] Handshaking with LicensingClient:
  Version:                 1.18.3+d7ffd15
  Session Id:              991c911639474b1697f9e2df07d6f753
  Correlation Id:          a44e6f7774baaefa017ab30a634a5c57
  External correlation Id: 2408695432964610931
  Machine Id:              ZmSnGE1iJHQpWKK/qvNQKBWrQr8=
[Licensing::Module] Successfully connected to LicensingClient on channel: "LicenseClient-redacted-local-user" (connect: 0.00s, validation: 0.00s, handshake: 0.38s)
[Licensing::IpcConnector] Successfully connected to: "LicenseClient-redacted-local-user-notifications" at "2026-09-10T15:11:32.551963Z"
[Licensing::Module] Error: Access token is unavailable; failed to update
[Licensing::Client] Successfully resolved entitlement details
[Licensing::Module] License group:
  Id: 2476042403473-UnityPersXXXX
  Product: Unity Personal
  Type: Assigned
  Expiration: Unlimited
[Licensing::Client] Successfully updated license, isAsync: True, time: 0.00
[Licensing::Module] Licensing Background thread has ended after 0.39s
[Licensing::Module] Licensing is initialized (took 0.03s).
[Licensing::Client] Successfully resolved entitlement details
Library Redirect Path: Library/
[Physics::Module] Selected backend.
[Physics::Module] Name: PhysX
[Physics::Module] Id: 0xf2b8ea05
[Physics::Module] SDK Version: 4.1.2
[Physics::Module] Integration Version: 1.0.0
[Physics::Module] Threading Mode: Multi-Threaded
Refreshing native plugins compatible for Editor in 0.20 ms, found 0 plugins.
Preloading 0 native plugins for Editor in 0.00 ms.
Initialize engine version: 6000.3.9f1 (7a9955a4f2fa)
[Subsystems] Discovering subsystems at path /Users/<redacted-local-user>/Desktop/Repos/Platform VR/.unity-editors/6000.3.9f1/Unity.app/Contents/Resources/UnitySubsystems
[Subsystems] Discovering subsystems at path /Users/<redacted-local-user>/Desktop/Repos/Platform VR/SpatialGrid-VR/Assets
GfxDevice: creating device client; kGfxThreadingModeNonThreaded
 preferred device: Apple M3 Pro (high power)
Metal devices available: 1
0: Apple M3 Pro (high power)
Using device Apple M3 Pro (high power)
Initializing Metal device caps: Apple M3 Pro
Mac GPU Family: 2
Apple GPU Family: 9
MSL Version: 3.0
Has Float MSAA: 1
Has Float Filtering: 1
ReadWrite Texture Tier: 2
Initialize mono
Mono path[0] = '/Users/<redacted-local-user>/Desktop/Repos/Platform VR/.unity-editors/6000.3.9f1/Unity.app/Contents/Resources/Scripting/Managed'
Mono path[1] = '/Users/<redacted-local-user>/Desktop/Repos/Platform VR/.unity-editors/6000.3.9f1/Unity.app/Contents/Resources/Scripting/MonoBleedingEdge/lib/mono/unityjit-macos'
Mono config path = '/Users/<redacted-local-user>/Desktop/Repos/Platform VR/.unity-editors/6000.3.9f1/Unity.app/Contents/Resources/Scripting/MonoBleedingEdge/etc'
Using monoOptions --debugger-agent=transport=dt_socket,embedding=1,server=y,suspend=n,address=127.0.0.1:56129
Using cacheserver namespaces - metadata:defaultmetadata, artifacts:defaultartifacts
Using cacheserver namespaces - metadata:defaultmetadata, artifacts:defaultartifacts
ImportWorker Server TCP listen port: 0
AcceleratorClientConnectionCallback - disconnected - :0
Begin MonoManager ReloadAssembly
Registering precompiled unity dll's ...
Register platform support module: /Users/<redacted-local-user>/Desktop/Repos/Platform VR/.unity-editors/6000.3.9f1/Unity.app/Contents/PlaybackEngines/MacStandaloneSupport/UnityEditor.OSXStandalone.Extensions.dll
Registered in 0.000528 seconds.
- Loaded All Assemblies, in  0.321 seconds
Native extension for OSXStandalone target not found
ScheduleIndexationOnStartup MainProcess:False IndexOnStartup:False
Mono: successfully reloaded assembly
- Finished resetting the current domain, in  0.328 seconds
Domain Reload Profiling: 648ms
	BeginReloadAssembly (85ms)
		ExecutionOrderSort (0ms)
		DisableScriptedObjects (0ms)
		BackupInstance (0ms)
		ReleaseScriptingObjects (0ms)
		CreateAndSetChildDomain (1ms)
	RebuildCommonClasses (34ms)
	RebuildNativeTypeToScriptingClass (13ms)
	initialDomainReloadingComplete (37ms)
	LoadAllAssembliesAndSetupDomain (151ms)
		LoadAssemblies (84ms)
		RebuildTransferFunctionScriptingTraits (0ms)
		AnalyzeDomain (148ms)
			TypeCache.Refresh (147ms)
				TypeCache.ScanAssembly (133ms)
			BuildScriptInfoCaches (0ms)
			ResolveRequiredComponents (0ms)
	FinalizeReload (328ms)
		ReleaseScriptCaches (0ms)
		RebuildScriptCaches (0ms)
		SetupLoadedEditorAssemblies (295ms)
			LogAssemblyErrors (0ms)
			InitializePlatformSupportModulesInManaged (34ms)
			SetLoadedEditorAssemblies (4ms)
			BeforeProcessingInitializeOnLoad (72ms)
			ProcessInitializeOnLoadAttributes (114ms)
			ProcessInitializeOnLoadMethodAttributes (71ms)
			AfterProcessingInitializeOnLoad (0ms)
			EditorAssembliesLoaded (0ms)
		ExecutionOrderSort2 (0ms)
		AwakeInstancesAfterBackupRestoration (0ms)
[Licensing::Client] Successfully resolved entitlement details
Application.AssetDatabase Initial Refresh Start
Package Manager log level set to [2]
[Package Manager] Restoring resolved packages state from cache
[Licensing::Client] Successfully resolved entitlement details
[Package Manager] Registered 61 packages:
  Packages from [https://packages.unity.com]:
    com.meta.xr.sdk.core@85.0.0 (location: /Users/<redacted-local-user>/Desktop/Repos/Platform VR/SpatialGrid-VR/Library/PackageCache/com.meta.xr.sdk.core@f8b4cfb2789f)
    com.meta.xr.sdk.interaction.ovr@85.0.0 (location: /Users/<redacted-local-user>/Desktop/Repos/Platform VR/SpatialGrid-VR/Library/PackageCache/com.meta.xr.sdk.interaction.ovr@964224d78bc9)
    com.unity.cloud.gltfast@6.14.1 (location: /Users/<redacted-local-user>/Desktop/Repos/Platform VR/SpatialGrid-VR/Library/PackageCache/com.unity.cloud.gltfast@0847aee0f6da)
    com.unity.xr.interaction.toolkit@3.3.1 (location: /Users/<redacted-local-user>/Desktop/Repos/Platform VR/SpatialGrid-VR/Library/PackageCache/com.unity.xr.interaction.toolkit@5f736ad4ccd8)
    com.unity.xr.management@4.5.3 (location: /Users/<redacted-local-user>/Desktop/Repos/Platform VR/SpatialGrid-VR/Library/PackageCache/com.unity.xr.management@574ebfb1e976)
    com.unity.xr.openxr@1.16.1 (location: /Users/<redacted-local-user>/Desktop/Repos/Platform VR/SpatialGrid-VR/Library/PackageCache/com.unity.xr.openxr@ef0033a586bf)
    com.unity.inputsystem@1.18.0 (location: /Users/<redacted-local-user>/Desktop/Repos/Platform VR/SpatialGrid-VR/Library/PackageCache/com.unity.inputsystem@57d0e36f6123)
    com.unity.xr.core-utils@2.5.3 (location: /Users/<redacted-local-user>/Desktop/Repos/Platform VR/SpatialGrid-VR/Library/PackageCache/com.unity.xr.core-utils@f0450cbac8d6)
    com.unity.xr.legacyinputhelpers@2.1.13 (location: /Users/<redacted-local-user>/Desktop/Repos/Platform VR/SpatialGrid-VR/Library/PackageCache/com.unity.xr.legacyinputhelpers@9535ff2c27ac)
    com.unity.mathematics@1.3.3 (location: /Users/<redacted-local-user>/Desktop/Repos/Platform VR/SpatialGrid-VR/Library/PackageCache/com.unity.mathematics@19a9377c4ffa)
    com.unity.searcher@4.9.4 (location: /Users/<redacted-local-user>/Desktop/Repos/Platform VR/SpatialGrid-VR/Library/PackageCache/com.unity.searcher@d45a78918735)
    com.unity.burst@1.8.28 (location: /Users/<redacted-local-user>/Desktop/Repos/Platform VR/SpatialGrid-VR/Library/PackageCache/com.unity.burst@07790c2d06d9)
    com.unity.collections@2.6.2 (location: /Users/<redacted-local-user>/Desktop/Repos/Platform VR/SpatialGrid-VR/Library/PackageCache/com.unity.collections@aea9d3bd5e19)
    com.meta.xr.sdk.interaction@85.0.0 (location: /Users/<redacted-local-user>/Desktop/Repos/Platform VR/SpatialGrid-VR/Library/PackageCache/com.meta.xr.sdk.interaction@0a0b3efbe99d)
    com.unity.nuget.mono-cecil@1.11.6 (location: /Users/<redacted-local-user>/Desktop/Repos/Platform VR/SpatialGrid-VR/Library/PackageCache/com.unity.nuget.mono-cecil@ecb9724e46ff)
    com.unity.test-framework.performance@3.2.0 (location: /Users/<redacted-local-user>/Desktop/Repos/Platform VR/SpatialGrid-VR/Library/PackageCache/com.unity.test-framework.performance@0840f58e4562)
  Built-in packages:
    com.unity.multiplayer.center@1.0.1 (location: /Users/<redacted-local-user>/Desktop/Repos/Platform VR/SpatialGrid-VR/Library/PackageCache/com.unity.multiplayer.center@f01f4ba8d00a)
    com.unity.render-pipelines.universal@17.3.0 (location: /Users/<redacted-local-user>/Desktop/Repos/Platform VR/SpatialGrid-VR/Library/PackageCache/com.unity.render-pipelines.universal@7327e77c1cc2)
    com.unity.shadergraph@17.3.0 (location: /Users/<redacted-local-user>/Desktop/Repos/Platform VR/SpatialGrid-VR/Library/PackageCache/com.unity.shadergraph@f80b792d4861)
    com.unity.ugui@2.0.0 (location: /Users/<redacted-local-user>/Desktop/Repos/Platform VR/SpatialGrid-VR/Library/PackageCache/com.unity.ugui@bb329a87fcdc)
    com.unity.modules.accessibility@1.0.0 (location: /Users/<redacted-local-user>/Desktop/Repos/Platform VR/SpatialGrid-VR/Library/PackageCache/com.unity.modules.accessibility)
    com.unity.modules.adaptiveperformance@1.0.0 (location: /Users/<redacted-local-user>/Desktop/Repos/Platform VR/SpatialGrid-VR/Library/PackageCache/com.unity.modules.adaptiveperformance)
    com.unity.modules.ai@1.0.0 (location: /Users/<redacted-local-user>/Desktop/Repos/Platform VR/SpatialGrid-VR/Library/PackageCache/com.unity.modules.ai)
    com.unity.modules.androidjni@1.0.0 (location: /Users/<redacted-local-user>/Desktop/Repos/Platform VR/SpatialGrid-VR/Library/PackageCache/com.unity.modules.androidjni)
    com.unity.modules.animation@1.0.0 (location: /Users/<redacted-local-user>/Desktop/Repos/Platform VR/SpatialGrid-VR/Library/PackageCache/com.unity.modules.animation)
    com.unity.modules.assetbundle@1.0.0 (location: /Users/<redacted-local-user>/Desktop/Repos/Platform VR/SpatialGrid-VR/Library/PackageCache/com.unity.modules.assetbundle)
    com.unity.modules.audio@1.0.0 (location: /Users/<redacted-local-user>/Desktop/Repos/Platform VR/SpatialGrid-VR/Library/PackageCache/com.unity.modules.audio)
    com.unity.modules.cloth@1.0.0 (location: /Users/<redacted-local-user>/Desktop/Repos/Platform VR/SpatialGrid-VR/Library/PackageCache/com.unity.modules.cloth)
    com.unity.modules.director@1.0.0 (location: /Users/<redacted-local-user>/Desktop/Repos/Platform VR/SpatialGrid-VR/Library/PackageCache/com.unity.modules.director)
    com.unity.modules.imageconversion@1.0.0 (location: /Users/<redacted-local-user>/Desktop/Repos/Platform VR/SpatialGrid-VR/Library/PackageCache/com.unity.modules.imageconversion)
    com.unity.modules.imgui@1.0.0 (location: /Users/<redacted-local-user>/Desktop/Repos/Platform VR/SpatialGrid-VR/Library/PackageCache/com.unity.modules.imgui)
    com.unity.modules.jsonserialize@1.0.0 (location: /Users/<redacted-local-user>/Desktop/Repos/Platform VR/SpatialGrid-VR/Library/PackageCache/com.unity.modules.jsonserialize)
    com.unity.modules.particlesystem@1.0.0 (location: /Users/<redacted-local-user>/Desktop/Repos/Platform VR/SpatialGrid-VR/Library/PackageCache/com.unity.modules.particlesystem)
    com.unity.modules.physics@1.0.0 (location: /Users/<redacted-local-user>/Desktop/Repos/Platform VR/SpatialGrid-VR/Library/PackageCache/com.unity.modules.physics)
    com.unity.modules.physics2d@1.0.0 (location: /Users/<redacted-local-user>/Desktop/Repos/Platform VR/SpatialGrid-VR/Library/PackageCache/com.unity.modules.physics2d)
    com.unity.modules.screencapture@1.0.0 (location: /Users/<redacted-local-user>/Desktop/Repos/Platform VR/SpatialGrid-VR/Library/PackageCache/com.unity.modules.screencapture)
    com.unity.modules.terrain@1.0.0 (location: /Users/<redacted-local-user>/Desktop/Repos/Platform VR/SpatialGrid-VR/Library/PackageCache/com.unity.modules.terrain)
    com.unity.modules.terrainphysics@1.0.0 (location: /Users/<redacted-local-user>/Desktop/Repos/Platform VR/SpatialGrid-VR/Library/PackageCache/com.unity.modules.terrainphysics)
    com.unity.modules.tilemap@1.0.0 (location: /Users/<redacted-local-user>/Desktop/Repos/Platform VR/SpatialGrid-VR/Library/PackageCache/com.unity.modules.tilemap)
    com.unity.modules.ui@1.0.0 (location: /Users/<redacted-local-user>/Desktop/Repos/Platform VR/SpatialGrid-VR/Library/PackageCache/com.unity.modules.ui)
    com.unity.modules.uielements@1.0.0 (location: /Users/<redacted-local-user>/Desktop/Repos/Platform VR/SpatialGrid-VR/Library/PackageCache/com.unity.modules.uielements)
    com.unity.modules.umbra@1.0.0 (location: /Users/<redacted-local-user>/Desktop/Repos/Platform VR/SpatialGrid-VR/Library/PackageCache/com.unity.modules.umbra)
    com.unity.modules.unityanalytics@1.0.0 (location: /Users/<redacted-local-user>/Desktop/Repos/Platform VR/SpatialGrid-VR/Library/PackageCache/com.unity.modules.unityanalytics)
    com.unity.modules.unitywebrequest@1.0.0 (location: /Users/<redacted-local-user>/Desktop/Repos/Platform VR/SpatialGrid-VR/Library/PackageCache/com.unity.modules.unitywebrequest)
    com.unity.modules.unitywebrequestassetbundle@1.0.0 (location: /Users/<redacted-local-user>/Desktop/Repos/Platform VR/SpatialGrid-VR/Library/PackageCache/com.unity.modules.unitywebrequestassetbundle)
    com.unity.modules.unitywebrequestaudio@1.0.0 (location: /Users/<redacted-local-user>/Desktop/Repos/Platform VR/SpatialGrid-VR/Library/PackageCache/com.unity.modules.unitywebrequestaudio)
    com.unity.modules.unitywebrequesttexture@1.0.0 (location: /Users/<redacted-local-user>/Desktop/Repos/Platform VR/SpatialGrid-VR/Library/PackageCache/com.unity.modules.unitywebrequesttexture)
    com.unity.modules.unitywebrequestwww@1.0.0 (location: /Users/<redacted-local-user>/Desktop/Repos/Platform VR/SpatialGrid-VR/Library/PackageCache/com.unity.modules.unitywebrequestwww)
    com.unity.modules.vectorgraphics@1.0.0 (location: /Users/<redacted-local-user>/Desktop/Repos/Platform VR/SpatialGrid-VR/Library/PackageCache/com.unity.modules.vectorgraphics)
    com.unity.modules.vehicles@1.0.0 (location: /Users/<redacted-local-user>/Desktop/Repos/Platform VR/SpatialGrid-VR/Library/PackageCache/com.unity.modules.vehicles)
    com.unity.modules.video@1.0.0 (location: /Users/<redacted-local-user>/Desktop/Repos/Platform VR/SpatialGrid-VR/Library/PackageCache/com.unity.modules.video)
    com.unity.modules.vr@1.0.0 (location: /Users/<redacted-local-user>/Desktop/Repos/Platform VR/SpatialGrid-VR/Library/PackageCache/com.unity.modules.vr)
    com.unity.modules.wind@1.0.0 (location: /Users/<redacted-local-user>/Desktop/Repos/Platform VR/SpatialGrid-VR/Library/PackageCache/com.unity.modules.wind)
    com.unity.modules.xr@1.0.0 (location: /Users/<redacted-local-user>/Desktop/Repos/Platform VR/SpatialGrid-VR/Library/PackageCache/com.unity.modules.xr)
    com.unity.modules.subsystems@1.0.0 (location: /Users/<redacted-local-user>/Desktop/Repos/Platform VR/SpatialGrid-VR/Library/PackageCache/com.unity.modules.subsystems)
    com.unity.modules.hierarchycore@1.0.0 (location: /Users/<redacted-local-user>/Desktop/Repos/Platform VR/SpatialGrid-VR/Library/PackageCache/com.unity.modules.hierarchycore)
    com.unity.render-pipelines.core@17.3.0 (location: /Users/<redacted-local-user>/Desktop/Repos/Platform VR/SpatialGrid-VR/Library/PackageCache/com.unity.render-pipelines.core@04ab0eefa0c3)
    com.unity.render-pipelines.universal-config@17.0.3 (location: /Users/<redacted-local-user>/Desktop/Repos/Platform VR/SpatialGrid-VR/Library/PackageCache/com.unity.render-pipelines.universal-config@8dc1aab4af1d)
    com.unity.test-framework@1.6.0 (location: /Users/<redacted-local-user>/Desktop/Repos/Platform VR/SpatialGrid-VR/Library/PackageCache/com.unity.test-framework@0b7a23ab2e1d)
    com.unity.textmeshpro@5.0.0 (location: /Users/<redacted-local-user>/Desktop/Repos/Platform VR/SpatialGrid-VR/Library/PackageCache/com.unity.textmeshpro@53f43edfd2e0)
    com.unity.ext.nunit@2.0.5 (location: /Users/<redacted-local-user>/Desktop/Repos/Platform VR/SpatialGrid-VR/Library/PackageCache/com.unity.ext.nunit@d8c07649098d)
[Subsystems] Looking for new subsystems at path /Users/<redacted-local-user>/Desktop/Repos/Platform VR/SpatialGrid-VR/Library/PackageCache/com.unity.xr.openxr@ef0033a586bf
[Subsystems] Novel subsystem found at Library/PackageCache/com.unity.xr.openxr@ef0033a586bf/Runtime/UnitySubsystemsManifest.json
[Subsystems] Discovering subsystems at path /Users/<redacted-local-user>/Desktop/Repos/Platform VR/.unity-editors/6000.3.9f1/Unity.app/Contents/Resources/UnitySubsystems
[Subsystems] Discovering subsystems at path /Users/<redacted-local-user>/Desktop/Repos/Platform VR/SpatialGrid-VR/Assets
[Subsystems] Discovering subsystems at path /Users/<redacted-local-user>/Desktop/Repos/Platform VR/SpatialGrid-VR/Library/PackageCache/com.unity.xr.openxr@ef0033a586bf
[Subsystems] No descriptors matched for  examples in Library/PackageCache/com.unity.xr.openxr@ef0033a586bf/Runtime/UnitySubsystemsManifest.json.
[Subsystems] 1 'inputs' descriptors matched in Library/PackageCache/com.unity.xr.openxr@ef0033a586bf/Runtime/UnitySubsystemsManifest.json
[Subsystems] 1 'displays' descriptors matched in Library/PackageCache/com.unity.xr.openxr@ef0033a586bf/Runtime/UnitySubsystemsManifest.json
[Subsystems] No descriptors matched for  meshings in Library/PackageCache/com.unity.xr.openxr@ef0033a586bf/Runtime/UnitySubsystemsManifest.json.
[Package Manager] Done registering packages in 0.01 seconds
[40m[32minfo[39m[22m[49m: Microsoft.Hosting.Lifetime[14]
      Now listening on: http://unix:/tmp/ilpp.sock-9fd85dc50152cdf5a42718a00eee4a19
[40m[32minfo[39m[22m[49m: Microsoft.Hosting.Lifetime[0]
      Application started. Press Ctrl+C to shut down.
[40m[32minfo[39m[22m[49m: Microsoft.Hosting.Lifetime[0]
      Hosting environment: Production
[40m[32minfo[39m[22m[49m: Microsoft.Hosting.Lifetime[0]
      Content root path: /Users/<redacted-local-user>/Desktop/Repos/Platform VR/SpatialGrid-VR/
[40m[32minfo[39m[22m[49m: Microsoft.AspNetCore.Hosting.Diagnostics[1]
      Request starting HTTP/2 POST http://ilpp/UnityILPP.PostProcessing/Ping application/grpc -
[40m[32minfo[39m[22m[49m: Microsoft.AspNetCore.Routing.EndpointMiddleware[0]
      Executing endpoint 'gRPC - /UnityILPP.PostProcessing/Ping'
[40m[32minfo[39m[22m[49m: Microsoft.AspNetCore.Routing.EndpointMiddleware[1]
      Executed endpoint 'gRPC - /UnityILPP.PostProcessing/Ping'
[40m[32minfo[39m[22m[49m: Microsoft.AspNetCore.Hosting.Diagnostics[2]
      Request finished HTTP/2 POST http://ilpp/UnityILPP.PostProcessing/Ping application/grpc - - 200 - application/grpc 44.8344ms
Starting: /Users/<redacted-local-user>/Desktop/Repos/Platform VR/.unity-editors/6000.3.9f1/Unity.app/Contents/Resources/BuildPipeline/bee_backend --ipc --defer-dag-verification --dagfile="Library/Bee/200b0aE.dag" --continue-on-failure --profile="Library/Bee/backend1.traceevents" ScriptAssemblies
WorkingDir: /Users/<redacted-local-user>/Desktop/Repos/Platform VR/SpatialGrid-VR
DisplayProgressbar: Compiling Scripts
[40m[32minfo[39m[22m[49m: Microsoft.AspNetCore.Hosting.Diagnostics[1]
      Request starting HTTP/2 POST http://ilpp/UnityILPP.PostProcessing/ConfigurePostProcessors application/grpc -
[40m[32minfo[39m[22m[49m: Microsoft.AspNetCore.Routing.EndpointMiddleware[0]
      Executing endpoint 'gRPC - /UnityILPP.PostProcessing/ConfigurePostProcessors'
[40m[1m[33mwarn[39m[22m[49m: Unity.ILPP.Runner.PostProcessingAssemblyLoadContext[0]
      Assembly system.runtime.interopservices.windowsruntime has duplicate hint path. Ignoring "/Users/<redacted-local-user>/Desktop/Repos/Platform VR/.unity-editors/6000.3.9f1/Unity.app/Contents/Resources/Scripting/UnityReferenceAssemblies/unity-4.8-api/Facades/System.Runtime.InteropServices.WindowsRuntime.dll" in favor of "/Users/<redacted-local-user>/Desktop/Repos/Platform VR/.unity-editors/6000.3.9f1/Unity.app/Contents/Resources/Scripting/NetStandard/Extensions/2.0.0/System.Runtime.InteropServices.WindowsRuntime.dll"
[40m[1m[33mwarn[39m[22m[49m: Unity.ILPP.Runner.PostProcessingAssemblyLoadContext[0]
      Assembly system.componentmodel.composition has duplicate hint path. Ignoring "/Users/<redacted-local-user>/Desktop/Repos/Platform VR/.unity-editors/6000.3.9f1/Unity.app/Contents/Resources/Scripting/UnityReferenceAssemblies/unity-4.8-api/System.ComponentModel.Composition.dll" in favor of "/Users/<redacted-local-user>/Desktop/Repos/Platform VR/.unity-editors/6000.3.9f1/Unity.app/Contents/Resources/Scripting/NetStandard/compat/2.1.0/shims/netfx/System.ComponentModel.Composition.dll"
[40m[32minfo[39m[22m[49m: Unity.ILPP.Runner.PostProcessingAssemblyLoadContext[0]
      Resolved Unity.Burst.Cecil, Version=0.11.4.0, Culture=neutral, PublicKeyToken=50cebf1cceb9d05e with Library/PackageCache/com.unity.burst@07790c2d06d9/Unity.Burst.CodeGen/Unity.Burst.Cecil.dll
[40m[32minfo[39m[22m[49m: Unity.ILPP.Runner.PostProcessingAssemblyLoadContext[0]
      Resolved Mono.Cecil, Version=0.11.5.0, Culture=neutral, PublicKeyToken=50cebf1cceb9d05e with Library/PackageCache/com.unity.nuget.mono-cecil@ecb9724e46ff/Mono.Cecil.dll
[40m[32minfo[39m[22m[49m: Microsoft.AspNetCore.Routing.EndpointMiddleware[1]
      Executed endpoint 'gRPC - /UnityILPP.PostProcessing/ConfigurePostProcessors'
[40m[32minfo[39m[22m[49m: Microsoft.AspNetCore.Hosting.Diagnostics[2]
      Request finished HTTP/2 POST http://ilpp/UnityILPP.PostProcessing/ConfigurePostProcessors application/grpc - - 200 - application/grpc 23.1712ms
ExitCode: 0 Duration: 0s435ms
[ 998/1377  0s] ILPP-Configuration Library/ilpp-configuration.nevergeneratedoutput
*** Tundra build success (0.41 seconds), 1 items updated, 1377 evaluated
AssetDatabase: script compilation time: 0.980117s
Total cache size 37979540
Total cache size after purge 37979540, took 00:00:00.0760477
Begin MonoManager ReloadAssembly
- Loaded All Assemblies, in  0.596 seconds
Script 'CharacterController' has the same name as built-in Unity component.
AddComponent and GetComponent will not work with this script.
'Packages/com.meta.xr.sdk.core/Editor/BuildingBlocks/BlocksWindowDetailsExtension.cs' contains partial class of Unity.Object, exactly 1 of the partial classes needs to be in a file with the same filename. This is to know the one that can be referenced from ie. GameObjects
'Packages/com.meta.xr.sdk.core/Editor/BuildingBlocks/BlocksWindow.cs' contains partial class of Unity.Object, exactly 1 of the partial classes needs to be in a file with the same filename. This is to know the one that can be referenced from ie. GameObjects
'Packages/com.meta.xr.sdk.core/Editor/BuildingBlocks/BlocksWindowCollectionsPageExtension.cs' contains partial class of Unity.Object, exactly 1 of the partial classes needs to be in a file with the same filename. This is to know the one that can be referenced from ie. GameObjects
Refreshing native plugins compatible for Editor in 7.66 ms, found 9 plugins.
Native extension for OSXStandalone target not found
Refreshing native plugins compatible for Editor in 2.72 ms, found 9 plugins.
10/09 11:11:38.442 {DEBUG}   [AnalyticsLifeTime] Pre initialization finished.
sh: adb: command not found
Build target directory for AndroidPlayer does not exist!
UnityEngine.Debug:ExtractStackTraceNoAlloc (byte*,int,string)
UnityEngine.StackTraceUtility:ExtractStackTrace () (at /Users/bokken/build/output/unity/unity/Runtime/Export/Scripting/StackTrace.cs:35)
UnityEditor.BuildPipeline:GetPlaybackEngineDirectory (UnityEditor.BuildTargetGroup,UnityEditor.BuildTarget,UnityEditor.BuildOptions,bool)
UnityEditor.BuildPipeline:GetPlaybackEngineDirectory (UnityEditor.BuildTarget,UnityEditor.BuildOptions,bool) (at /Users/bokken/build/output/unity/unity/Editor/Mono/BuildPipeline.bindings.cs:627)
UnityEditor.BuildPipeline:GetPlaybackEngineDirectory (UnityEditor.BuildTarget,UnityEditor.BuildOptions) (at /Users/bokken/build/output/unity/unity/Editor/Mono/BuildPipeline.bindings.cs:621)
OVRConfig:GetAndroidSDKPathLocation (bool) (at ./Library/PackageCache/com.meta.xr.sdk.core@f8b4cfb2789f/Editor/OVRConfig.cs:82)
UnityADBToolSingleton:.cctor () (at ./Library/PackageCache/com.meta.xr.sdk.core@f8b4cfb2789f/Editor/UnityADBToolSingleton.cs:27)
OVRProjectSetupDeviceTasks:.cctor () (at ./Library/PackageCache/com.meta.xr.sdk.core@f8b4cfb2789f/Editor/OVRProjectSetup/Tasks/Implementations/OVRProjectSetupDeviceTasks.cs:42)
System.Runtime.CompilerServices.RuntimeHelpers:RunClassConstructor (System.RuntimeTypeHandle)
UnityEditor.EditorAssemblies:ProcessInitializeOnLoadAttributes (System.Type[]) (at /Users/bokken/build/output/unity/unity/Editor/Mono/EditorAssemblies.cs:124)

[/Users/bokken/build/output/unity/unity/Editor/Mono/BuildPipeline.bindings.cs line 627]

Canceling DisplayDialog: Android SDK not Found Android SDK not found. Please ensure that the path is set correctly in (Edit -> Preferences -> External Tools) or that the Untiy Android module is installed correctly.
This should not be called when not controlled by a human.
UnityEngine.Debug:ExtractStackTraceNoAlloc (byte*,int,string)
UnityEngine.StackTraceUtility:ExtractStackTrace () (at /Users/bokken/build/output/unity/unity/Runtime/Export/Scripting/StackTrace.cs:35)
UnityEditor.EditorDialog:DisplayAlertDialogNative (string,UnityEditor.DialogIconType,string,string)
UnityEditor.EditorDialog:DisplayAlertDialog (string,string,string,UnityEditor.DialogIconType) (at /Users/bokken/build/output/unity/unity/Editor/Mono/EditorDialog.cs:246)
UnityEditor.EditorUtility:DisplayDialog (string,string,string) (at /Users/bokken/build/output/unity/unity/Editor/Mono/EditorUtility.cs:202)
OVRConfig:GetAndroidSDKPathLocation (bool) (at ./Library/PackageCache/com.meta.xr.sdk.core@f8b4cfb2789f/Editor/OVRConfig.cs:104)
UnityADBToolSingleton:.cctor () (at ./Library/PackageCache/com.meta.xr.sdk.core@f8b4cfb2789f/Editor/UnityADBToolSingleton.cs:27)
OVRProjectSetupDeviceTasks:.cctor () (at ./Library/PackageCache/com.meta.xr.sdk.core@f8b4cfb2789f/Editor/OVRProjectSetup/Tasks/Implementations/OVRProjectSetupDeviceTasks.cs:42)
System.Runtime.CompilerServices.RuntimeHelpers:RunClassConstructor (System.RuntimeTypeHandle)
UnityEditor.EditorAssemblies:ProcessInitializeOnLoadAttributes (System.Type[]) (at /Users/bokken/build/output/unity/unity/Editor/Mono/EditorAssemblies.cs:124)

[/Users/bokken/build/output/unity/unity/Editor/Mono/EditorDialog.cs line 246]

[OVRPlugin][INFO] UnityPluginLoad called

Launching external process: /Users/<redacted-local-user>/Desktop/Repos/Platform VR/.unity-editors/6000.3.9f1/Unity.app/Contents/Helpers/UnityShaderCompiler
Launched and connected shader compiler UnityShaderCompiler after 0.09 seconds
ScheduleIndexationOnStartup MainProcess:True IndexOnStartup:False
Mono: successfully reloaded assembly
- Finished resetting the current domain, in  3.468 seconds
Domain Reload Profiling: 4063ms
	BeginReloadAssembly (121ms)
		ExecutionOrderSort (0ms)
		DisableScriptedObjects (7ms)
		BackupInstance (0ms)
		ReleaseScriptingObjects (0ms)
		CreateAndSetChildDomain (48ms)
	RebuildCommonClasses (35ms)
	RebuildNativeTypeToScriptingClass (13ms)
	initialDomainReloadingComplete (18ms)
	LoadAllAssembliesAndSetupDomain (409ms)
		LoadAssemblies (249ms)
		RebuildTransferFunctionScriptingTraits (0ms)
		AnalyzeDomain (204ms)
			TypeCache.Refresh (139ms)
				TypeCache.ScanAssembly (124ms)
			BuildScriptInfoCaches (44ms)
			ResolveRequiredComponents (17ms)
	FinalizeReload (3468ms)
		ReleaseScriptCaches (0ms)
		RebuildScriptCaches (0ms)
		SetupLoadedEditorAssemblies (3234ms)
			LogAssemblyErrors (0ms)
			InitializePlatformSupportModulesInManaged (15ms)
			SetLoadedEditorAssemblies (6ms)
			BeforeProcessingInitializeOnLoad (161ms)
			ProcessInitializeOnLoadAttributes (2696ms)
			ProcessInitializeOnLoadMethodAttributes (354ms)
			AfterProcessingInitializeOnLoad (1ms)
			EditorAssembliesLoaded (0ms)
		ExecutionOrderSort2 (0ms)
		AwakeInstancesAfterBackupRestoration (4ms)
Start importing Assets/StreamingAssets/WarehouseGeometry/aws_independent_warehouse.glb using Guid(b0d43414a156c40b283f568295bb93bd) (DefaultImporter) -> (artifact id: '79dd00349ac6306591a97d252202d3e8') in 0.087473916 seconds
Start importing Packages/com.unity.render-pipelines.core/Tests/Editor/UnifiedRayTracing/TraceRays.urtshader using Guid(1142bbad8b9e8c44c83a9775ff120d37) (ScriptedImporter) -> (artifact id: 'e0402f142bf6f41988daa8fc81edef20') in 0.02478525 seconds
Start importing Packages/com.unity.render-pipelines.universal/Runtime/RendererFeatures/SurfaceCacheGI/SurfaceCacheCore/RisEstimation.urtshader using Guid(713f6141bd66a134383b787f2eaa7c11) (ScriptedImporter) -> (artifact id: 'e48fcd27c7d8fdabe60bbcd89cf444db') in 0.055608792 seconds
Start importing Packages/com.unity.render-pipelines.core/Editor/Lighting/ProbeVolume/RenderingLayerMask/TraceRenderingLayerMask.urtshader using Guid(94a070d33e408384bafc1dea4a565df9) (ScriptedImporter) -> (artifact id: '7f87251d181a02ac3ba03f376e6d407b') in 0.009056458 seconds
Start importing Packages/com.unity.render-pipelines.universal/Runtime/RendererFeatures/SurfaceCacheGI/SurfaceCacheCore/UniformEstimation.urtshader using Guid(94a39d12848d8d64ca962a72b74e7c50) (ScriptedImporter) -> (artifact id: 'ac05088c042c31c09559b29beedae78e') in 0.005026792 seconds
Start importing Packages/com.unity.render-pipelines.core/Tests/Editor/UnifiedRayTracing/TraceTransparentRays.urtshader using Guid(6513c3b892e933c4f8d00c19d5c47532) (ScriptedImporter) -> (artifact id: '6e7c6be206988c3b0763112f46b231da') in 0.004722333 seconds
Start importing Packages/com.unity.render-pipelines.core/Editor/Lighting/ProbeVolume/DynamicGI/DynamicGISkyOcclusion.urtshader using Guid(5a2a534753fbdb44e96c3c78b5a6999d) (ScriptedImporter) -> (artifact id: 'c83f798262ce261840b26c10a81d1bd6') in 0.003958542 seconds
Start importing Packages/com.unity.render-pipelines.core/Tests/Editor/UnifiedRayTracing/TraceRaysAndFetchAttributes.urtshader using Guid(fbc59f55df2416344b008dc23753cae2) (ScriptedImporter) -> (artifact id: 'f8900b3fad6c75fe9f64078c612c6caa') in 0.003029875 seconds
Start importing Packages/com.unity.render-pipelines.universal/Runtime/RendererFeatures/SurfaceCacheGI/SurfaceCacheCore/RestirCandidateTemporal.urtshader using Guid(ad3a9f9982f8c4f4a839a78955e78458) (ScriptedImporter) -> (artifact id: '90204e45395b7b5f36f51b8bb4f67185') in 0.004368958 seconds
Start importing Packages/com.unity.render-pipelines.core/Editor/Lighting/ProbeVolume/VirtualOffset/TraceVirtualOffset.urtshader using Guid(ff2cbab5da58bf04d82c5f34037ed123) (ScriptedImporter) -> (artifact id: '3ddac91834e827d39f81b60523c29786') in 0.005025375 seconds
Refreshing native plugins compatible for Editor in 3.26 ms, found 9 plugins.
Preloading 0 native plugins for Editor in 0.00 ms.
Asset Pipeline Refresh (id=8860bd0cbf25f4969a919778d3ea51b0): Total: 7.192 seconds - Initiated by InitialRefreshV2(ForceSynchronousImport)
	Summary:
		Imports: total=9 (actual=9, local cache=0, cache server=0)
		Asset DB Process Time: managed=8 ms, native=4701 ms
		Asset DB Callback time: managed=824 ms, native=30 ms
		Scripting: domain reloads=1, domain reload time=596 ms, compile time=982 ms, other=48 ms
		Project Asset Count: scripts=2185, non-scripts=3999
		Asset File Changes: new=0, changed=1, moved=0, deleted=0
		Scan Filter Count: 1
	InvokeCustomDependenciesCallbacks: 0.002ms
	InvokePackagesCallback: 10.074ms
	ApplyChangesToAssetFolders: 0.354ms
	Scan: 680.824ms
	OnSourceAssetsModified: 0.749ms
	CategorizeAssetsWithTransientArtifact: 39.623ms
	ProcessAssetsWithTransientArtifactChanges: 72.321ms
	CategorizeAssets: 87.090ms
	ImportOutOfDateAssets: 3704.528ms (2502.440ms without children)
		ImportManagerImport: 215.568ms (3.003ms without children)
			ImportInProcess: 212.122ms
			UpdateCategorizedAssets: 0.443ms
		CompileScripts: 981.735ms
		ReloadNativeAssets: 0.096ms
		UnloadImportedAssets: 1.780ms
		ReloadImportedAssets: 0.924ms
		EnsureUptoDateAssetsAreRegisteredWithGuidPM: 1.424ms
		InitializingProgressBar: 0.009ms
		PostProcessAllAssetNotificationsAddChangedAssets: 0.000ms
		OnDemandSchedulerStart: 0.551ms
	PostProcessAllAssets: 839.764ms
	Hotreload: 5.008ms
	GatherAllCurrentPrimaryArtifactRevisions: 0.000ms
	UnloadStreamsBegin: 0.697ms
	PersistCurrentRevisions: 0.265ms
	UnloadStreamsEnd: 0.001ms
	GenerateScriptTypeHashes: 10.056ms
	Untracked: 1751.109ms

Application.AssetDatabase Initial Refresh End
Shader 'Oculus/OVRMRCameraFrameLit': fallback shader 'Alpha-Diffuse' not found
Scanning for USB devices : 0.042ms
Initializing Unity extensions:
[MODES] ModeService[none].Initialize
[MODES] ModeService[none].LoadModes
[MODES] Loading mode Default (0) for mode-current-id-SG-VR
2026-09-10 11:11:41.002 Unity[51129:1076353] NSEventModifierFlagFunction specified to -setKeyEquivalentModifierMask: for item <NSMenuItem: 0x37dd27cc0 SDF, ke='Command-F12'>, but is only supported for system-provided menu items; will not be used
Unloading 348 Unused Serialized files (Serialized files now loaded: 0)
Unloading 6821 unused Assets / (28.4 MB). Loaded Objects now: 8653.
Memory consumption went from 456.2 MB to 427.8 MB.
Total: 26.125041 ms (FindLiveObjects: 0.617875 ms CreateObjectMapping: 0.269167 ms MarkObjects: 14.734500 ms  DeleteObjects: 10.503125 ms)

2026-09-10 11:11:41.334 Unity[51129:1076353] NSEventModifierFlagFunction specified to -setKeyEquivalentModifierMask: for item <NSMenuItem: 0x37ddd07c0 SDF, ke='Command-F12'>, but is only supported for system-provided menu items; will not be used
[Project] Loading completed in 9.191 seconds
	Project init time: 				8.629 seconds
		Template init time: 		0.000 seconds
		Package Manager init time: 		0.218 seconds
		Asset Database init time: 		0.160 seconds
		Global illumination init time: 	0.001 seconds
		Assemblies load time: 			0.661 seconds
		Unity extensions init time: 	0.008 seconds
		Asset Database refresh time: 	7.192 seconds
	Scene opening time: 			0.405 seconds
##utp:{"type":"ProjectInfo","version":2,"phase":"Immediate","time":1789053101349,"processId":51129,"projectLoad":9.190810541000002,"projectInit":8.629328041,"templateInit":0.0,"packageManagerInit":0.218074625,"assetDatabaseInit":0.160242459,"globalIlluminationInit":0.000569208,"assembliesLoad":0.6609005,"unityExtensionsInit":0.008289875,"assetDatabaseRefresh":7.1924715,"sceneOpening":0.404731584}
##utp:{"type":"EditorInfo","version":2,"phase":"Immediate","time":1789053101349,"processId":51129,"editorVersion":"6000.3.9f1 (7a9955a4f2fa)","branch":"6000.3/staging","buildType":"Release","platform":"OSX"}
Subscribe to USB device events
Asset Pipeline Refresh (id=4aeebc9f30d4347478f5903047f996af): Total: 0.325 seconds - Initiated by RefreshV2(NoUpdateAssetOptions)
	Summary:
		Imports: total=0 (actual=0, local cache=0, cache server=0)
		Asset DB Process Time: managed=0 ms, native=325 ms
		Asset DB Callback time: managed=0 ms, native=0 ms
		Scripting: domain reloads=0, domain reload time=0 ms, compile time=0 ms, other=0 ms
		Project Asset Count: scripts=2185, non-scripts=3999
		Asset File Changes: new=0, changed=0, moved=0, deleted=0
		Scan Filter Count: 1
	InvokeCustomDependenciesCallbacks: 0.001ms
	InvokePackagesCallback: 0.000ms
	ApplyChangesToAssetFolders: 0.157ms
	Scan: 260.129ms
	OnSourceAssetsModified: 0.000ms
	CategorizeAssetsWithTransientArtifact: 0.001ms
	ProcessAssetsWithTransientArtifactChanges: 0.070ms
	CategorizeAssets: 53.829ms
	ImportOutOfDateAssets: 1.316ms (0.260ms without children)
		ReloadNativeAssets: 0.137ms
		UnloadImportedAssets: 0.108ms
		EnsureUptoDateAssetsAreRegisteredWithGuidPM: 0.532ms
		InitializingProgressBar: 0.000ms
		PostProcessAllAssetNotificationsAddChangedAssets: 0.000ms
		OnDemandSchedulerStart: 0.278ms
	GatherAllCurrentPrimaryArtifactRevisions: 0.186ms
	UnloadStreamsBegin: 0.037ms
	PersistCurrentRevisions: 0.179ms
	UnloadStreamsEnd: 0.001ms
	Untracked: 9.142ms

Start importing Assets/XR/Settings/OpenXR Package Settings.asset using Guid(d5a958a8ebc024e8e9740aa54c7756b6) (NativeFormatImporter) -> (artifact id: '002c107acaa8a3b3d36abbe5b61d2930') in 0.005361625 seconds
Refreshing native plugins compatible for Editor in 2.83 ms, found 9 plugins.
Preloading 0 native plugins for Editor in 0.00 ms.
Asset Pipeline Refresh (id=270516ac8820e4714808be849e47048f): Total: 0.029 seconds - Initiated by StopAssetImportingV2(NoUpdateAssetOptions)
Start importing Assets/XR/Settings/OpenXR Package Settings.asset using Guid(d5a958a8ebc024e8e9740aa54c7756b6) (NativeFormatImporter) -> (artifact id: '002c107acaa8a3b3d36abbe5b61d2930') in 0.00154525 seconds
Refreshing native plugins compatible for Editor in 3.53 ms, found 9 plugins.
Preloading 0 native plugins for Editor in 0.00 ms.
Asset Pipeline Refresh (id=bb3ac7775663a4dd88065c85579304c3): Total: 0.019 seconds - Initiated by StopAssetImportingV2(NoUpdateAssetOptions)
Start importing Assets/XR/Settings/OpenXR Package Settings.asset using Guid(d5a958a8ebc024e8e9740aa54c7756b6) (NativeFormatImporter) -> (artifact id: '002c107acaa8a3b3d36abbe5b61d2930') in 0.001522583 seconds
Refreshing native plugins compatible for Editor in 3.50 ms, found 9 plugins.
Preloading 0 native plugins for Editor in 0.00 ms.
Asset Pipeline Refresh (id=011bcf2bf171a480da22d3f3d0ad78d2): Total: 0.018 seconds - Initiated by StopAssetImportingV2(NoUpdateAssetOptions)
Start importing Assets/XR/Settings/OpenXR Package Settings.asset using Guid(d5a958a8ebc024e8e9740aa54c7756b6) (NativeFormatImporter) -> (artifact id: '002c107acaa8a3b3d36abbe5b61d2930') in 0.001606958 seconds
Refreshing native plugins compatible for Editor in 3.35 ms, found 9 plugins.
Preloading 0 native plugins for Editor in 0.00 ms.
Asset Pipeline Refresh (id=cfc969e6a631749f5bda826bfda6d356): Total: 0.018 seconds - Initiated by StopAssetImportingV2(NoUpdateAssetOptions)
Running tests for ExecutionSettings with details:
targetPlatform = 
playerHeartbeatTimeout = 600
filters[0] = 
   Filter with settings:
   testMode = PlayMode
   targetPlatform = 
   testNames = null
   groupNames = null
   categoryNames = null
   assemblyNames = null
ignoreTests = {}
featureFlags = null

UnityEngine.Debug:ExtractStackTraceNoAlloc (byte*,int,string)
UnityEngine.StackTraceUtility:ExtractStackTrace () (at /Users/bokken/build/output/unity/unity/Runtime/Export/Scripting/StackTrace.cs:35)
UnityEngine.DebugLogHandler:Internal_Log (UnityEngine.LogType,UnityEngine.LogOption,string,UnityEngine.Object)
UnityEngine.DebugLogHandler:LogFormat (UnityEngine.LogType,UnityEngine.Object,string,object[])
UnityEngine.Logger:Log (UnityEngine.LogType,object)
UnityEngine.Debug:Log (object)
UnityEditor.TestTools.TestRunner.CommandLineTest.Executer:InitializeAndExecuteRun (string[]) (at ./Library/PackageCache/com.unity.test-framework@0b7a23ab2e1d/UnityEditor.TestRunner/CommandLineTest/Executer.cs:53)
UnityEditor.TestTools.TestRunner.CommandLineTest.TestStarter:InitializeAndExecuteRun () (at ./Library/PackageCache/com.unity.test-framework@0b7a23ab2e1d/UnityEditor.TestRunner/CommandLineTest/TestStarter.cs:64)
UnityEditor.EditorApplication:Internal_CallUpdateFunctions () (at /Users/bokken/build/output/unity/unity/Editor/Mono/EditorApplication.cs:392)

(Filename: ./Library/PackageCache/com.unity.test-framework@0b7a23ab2e1d/UnityEditor.TestRunner/CommandLineTest/Executer.cs Line: 53)

[Licensing::Client] Successfully resolved entitlement details
2026-09-10 11:11:43.032 Unity[51129:1076353] NSEventModifierFlagFunction specified to -setKeyEquivalentModifierMask: for item <NSMenuItem: 0x37bf74900 SDF, ke='Command-F12'>, but is only supported for system-provided menu items; will not be used
[UnityConnectServicesConfig] config is NOT valid, switching to default
Created GICache directory at /Users/<redacted-local-user>/Library/Caches/com.unity3d.UnityEditor/GiCache. Took: 0.003s, timestamps: [9.193 - 9.196]
[Project Setup Tool] There are 2 outstanding Required fixes.
For more information, go to <a href="OpenProjectSetupTool">Edit > Project Settings > Meta XR</a>
UnityEngine.Debug:ExtractStackTraceNoAlloc (byte*,int,string)
UnityEngine.StackTraceUtility:ExtractStackTrace () (at /Users/bokken/build/output/unity/unity/Runtime/Export/Scripting/StackTrace.cs:35)
UnityEngine.DebugLogHandler:Internal_Log (UnityEngine.LogType,UnityEngine.LogOption,string,UnityEngine.Object)
UnityEngine.DebugLogHandler:LogFormat (UnityEngine.LogType,UnityEngine.Object,string,object[])
UnityEngine.Logger:Log (UnityEngine.LogType,object)
UnityEngine.Debug:LogWarning (object)
OVRConfigurationTaskUpdaterSummary:Log () (at ./Library/PackageCache/com.meta.xr.sdk.core@f8b4cfb2789f/Editor/OVRProjectSetup/Tasks/Processors/OVRConfigurationTaskUpdaterSummary.cs:237)
OVRConfigurationTaskUpdater:Complete () (at ./Library/PackageCache/com.meta.xr.sdk.core@f8b4cfb2789f/Editor/OVRProjectSetup/Tasks/Processors/OVRConfigurationTaskUpdater.cs:120)
OVRConfigurationTaskProcessorQueue:Dequeue (OVRConfigurationTaskProcessor) (at ./Library/PackageCache/com.meta.xr.sdk.core@f8b4cfb2789f/Editor/OVRProjectSetup/Tasks/Processors/OVRConfigurationTaskProcessorQueue.cs:115)
OVRConfigurationTaskProcessorQueue:Update () (at ./Library/PackageCache/com.meta.xr.sdk.core@f8b4cfb2789f/Editor/OVRProjectSetup/Tasks/Processors/OVRConfigurationTaskProcessorQueue.cs:136)
UnityEditor.EditorApplication:Internal_CallUpdateFunctions () (at /Users/bokken/build/output/unity/unity/Editor/Mono/EditorApplication.cs:392)

(Filename: ./Library/PackageCache/com.meta.xr.sdk.core@f8b4cfb2789f/Editor/OVRProjectSetup/Tasks/Processors/OVRConfigurationTaskUpdaterSummary.cs Line: 237)

Unloading 5 Unused Serialized files (Serialized files now loaded: 0)
Unloading 40 unused Assets / (44.7 KB). Loaded Objects now: 8700.
Memory consumption went from 0.57 GB to 0.57 GB.
Total: 16.615000 ms (FindLiveObjects: 0.355042 ms CreateObjectMapping: 0.120708 ms MarkObjects: 16.089875 ms  DeleteObjects: 0.049042 ms)

Start importing Assets/XR/Settings/OpenXR Package Settings.asset using Guid(d5a958a8ebc024e8e9740aa54c7756b6) (NativeFormatImporter) -> (artifact id: '002c107acaa8a3b3d36abbe5b61d2930') in 0.001518875 seconds
Start importing Assets/Oculus/OculusProjectConfig.asset using Guid(0b6fd7c0d304b984294044d37aa8ff2c) (NativeFormatImporter) -> (artifact id: 'd10ac704700672cbc2dc32d322140413') in 0.00065325 seconds
Refreshing native plugins compatible for Editor in 3.00 ms, found 9 plugins.
Preloading 0 native plugins for Editor in 0.00 ms.
Asset Pipeline Refresh (id=81c2acd3615af4d9e8e969817623c985): Total: 0.026 seconds - Initiated by StopAssetImportingV2(NoUpdateAssetOptions)
Start importing Assets/InitTestScenefe6e7ced-5546-4073-bcc6-f943715765ca.unity using Guid(a0e14663c58564cba8654f7202bbb2cd) (DefaultImporter) -> (artifact id: '0fc2ab6bb64cbdd6cc616e2bd9f3ceb4') in 0.001011916 seconds
Refreshing native plugins compatible for Editor in 3.74 ms, found 9 plugins.
Preloading 0 native plugins for Editor in 0.00 ms.
Asset Pipeline Refresh (id=6a6ee5b1a7e024dae8249bdbb921c5b3): Total: 0.046 seconds - Initiated by StopAssetImportingV2(NoUpdateAssetOptions)
Executing IPrebuildSetup for: Unity.PerformanceTesting.Editor.TestRunBuilder.
UnityEngine.Debug:ExtractStackTraceNoAlloc (byte*,int,string)
UnityEngine.StackTraceUtility:ExtractStackTrace () (at /Users/bokken/build/output/unity/unity/Runtime/Export/Scripting/StackTrace.cs:35)
UnityEngine.DebugLogHandler:Internal_Log (UnityEngine.LogType,UnityEngine.LogOption,string,UnityEngine.Object)
UnityEngine.DebugLogHandler:LogFormat (UnityEngine.LogType,UnityEngine.Object,string,object[])
UnityEngine.Logger:Log (UnityEngine.LogType,object)
UnityEngine.Debug:Log (object)
UnityEditor.TestTools.TestRunner.TestRun.Tasks.BuildActionTaskBase`1/<ExecuteMethods>d__8<UnityEngine.TestTools.IPrebuildSetup>:MoveNext () (at ./Library/PackageCache/com.unity.test-framework@0b7a23ab2e1d/UnityEditor.TestRunner/TestRun/Tasks/BuildActionTaskBase.cs:48)
UnityEditor.TestTools.TestRunner.TestRun.Tasks.BuildActionTaskBase`1/<Execute>d__7<UnityEngine.TestTools.IPrebuildSetup>:MoveNext () (at ./Library/PackageCache/com.unity.test-framework@0b7a23ab2e1d/UnityEditor.TestRunner/TestRun/Tasks/BuildActionTaskBase.cs:34)
UnityEditor.TestTools.TestRunner.TestRun.TestJobRunner:ExecuteStep () (at ./Library/PackageCache/com.unity.test-framework@0b7a23ab2e1d/UnityEditor.TestRunner/TestRun/TestJobRunner.cs:173)
UnityEditor.TestTools.TestRunner.TestRun.TestJobRunner:ExecuteCallback () (at ./Library/PackageCache/com.unity.test-framework@0b7a23ab2e1d/UnityEditor.TestRunner/TestRun/TestJobRunner.cs:108)
UnityEditor.EditorApplication:Internal_CallUpdateFunctions () (at /Users/bokken/build/output/unity/unity/Editor/Mono/EditorApplication.cs:392)

(Filename: ./Library/PackageCache/com.unity.test-framework@0b7a23ab2e1d/UnityEditor.TestRunner/TestRun/Tasks/BuildActionTaskBase.cs Line: 48)

Thread 0x384c07000 may have been prematurely finalized
Reloading assemblies for play mode.
Reloading assemblies after forced synchronous recompile.
Begin MonoManager ReloadAssembly
<CFData 0x34fbba240 [0x20e9b7f38]>{length = 6, capacity = 6, bytes = 0x80a9974ba921}
- Loaded All Assemblies, in  0.656 seconds
Refreshing native plugins compatible for Editor in 2.85 ms, found 9 plugins.
Native extension for OSXStandalone target not found
Build target directory for AndroidPlayer does not exist!
UnityEngine.Debug:ExtractStackTraceNoAlloc (byte*,int,string)
UnityEngine.StackTraceUtility:ExtractStackTrace () (at /Users/bokken/build/output/unity/unity/Runtime/Export/Scripting/StackTrace.cs:35)
UnityEditor.BuildPipeline:GetPlaybackEngineDirectory (UnityEditor.BuildTargetGroup,UnityEditor.BuildTarget,UnityEditor.BuildOptions,bool)
UnityEditor.BuildPipeline:GetPlaybackEngineDirectory (UnityEditor.BuildTarget,UnityEditor.BuildOptions,bool) (at /Users/bokken/build/output/unity/unity/Editor/Mono/BuildPipeline.bindings.cs:627)
UnityEditor.BuildPipeline:GetPlaybackEngineDirectory (UnityEditor.BuildTarget,UnityEditor.BuildOptions) (at /Users/bokken/build/output/unity/unity/Editor/Mono/BuildPipeline.bindings.cs:621)
OVRConfig:GetAndroidSDKPathLocation (bool) (at ./Library/PackageCache/com.meta.xr.sdk.core@f8b4cfb2789f/Editor/OVRConfig.cs:82)
UnityADBToolSingleton:.cctor () (at ./Library/PackageCache/com.meta.xr.sdk.core@f8b4cfb2789f/Editor/UnityADBToolSingleton.cs:27)
OVRProjectSetupDeviceTasks:.cctor () (at ./Library/PackageCache/com.meta.xr.sdk.core@f8b4cfb2789f/Editor/OVRProjectSetup/Tasks/Implementations/OVRProjectSetupDeviceTasks.cs:42)
System.Runtime.CompilerServices.RuntimeHelpers:RunClassConstructor (System.RuntimeTypeHandle)
UnityEditor.EditorAssemblies:ProcessInitializeOnLoadAttributes (System.Type[]) (at /Users/bokken/build/output/unity/unity/Editor/Mono/EditorAssemblies.cs:124)

[/Users/bokken/build/output/unity/unity/Editor/Mono/BuildPipeline.bindings.cs line 627]

Canceling DisplayDialog: Android SDK not Found Android SDK not found. Please ensure that the path is set correctly in (Edit -> Preferences -> External Tools) or that the Untiy Android module is installed correctly.
This should not be called when not controlled by a human.
UnityEngine.Debug:ExtractStackTraceNoAlloc (byte*,int,string)
UnityEngine.StackTraceUtility:ExtractStackTrace () (at /Users/bokken/build/output/unity/unity/Runtime/Export/Scripting/StackTrace.cs:35)
UnityEditor.EditorDialog:DisplayAlertDialogNative (string,UnityEditor.DialogIconType,string,string)
UnityEditor.EditorDialog:DisplayAlertDialog (string,string,string,UnityEditor.DialogIconType) (at /Users/bokken/build/output/unity/unity/Editor/Mono/EditorDialog.cs:246)
UnityEditor.EditorUtility:DisplayDialog (string,string,string) (at /Users/bokken/build/output/unity/unity/Editor/Mono/EditorUtility.cs:202)
OVRConfig:GetAndroidSDKPathLocation (bool) (at ./Library/PackageCache/com.meta.xr.sdk.core@f8b4cfb2789f/Editor/OVRConfig.cs:104)
UnityADBToolSingleton:.cctor () (at ./Library/PackageCache/com.meta.xr.sdk.core@f8b4cfb2789f/Editor/UnityADBToolSingleton.cs:27)
OVRProjectSetupDeviceTasks:.cctor () (at ./Library/PackageCache/com.meta.xr.sdk.core@f8b4cfb2789f/Editor/OVRProjectSetup/Tasks/Implementations/OVRProjectSetupDeviceTasks.cs:42)
System.Runtime.CompilerServices.RuntimeHelpers:RunClassConstructor (System.RuntimeTypeHandle)
UnityEditor.EditorAssemblies:ProcessInitializeOnLoadAttributes (System.Type[]) (at /Users/bokken/build/output/unity/unity/Editor/Mono/EditorAssemblies.cs:124)

[/Users/bokken/build/output/unity/unity/Editor/Mono/EditorDialog.cs line 246]

ScheduleIndexationOnStartup MainProcess:True IndexOnStartup:False
Mono: successfully reloaded assembly
- Finished resetting the current domain, in  1.035 seconds
Domain Reload Profiling: 1694ms
	BeginReloadAssembly (407ms)
		ExecutionOrderSort (0ms)
		DisableScriptedObjects (13ms)
		BackupInstance (0ms)
		ReleaseScriptingObjects (0ms)
		CreateAndSetChildDomain (308ms)
	RebuildCommonClasses (35ms)
	RebuildNativeTypeToScriptingClass (13ms)
	initialDomainReloadingComplete (17ms)
	LoadAllAssembliesAndSetupDomain (186ms)
		LoadAssemblies (84ms)
		RebuildTransferFunctionScriptingTraits (0ms)
		AnalyzeDomain (150ms)
			TypeCache.Refresh (7ms)
				TypeCache.ScanAssembly (0ms)
			BuildScriptInfoCaches (120ms)
			ResolveRequiredComponents (19ms)
	FinalizeReload (1036ms)
		ReleaseScriptCaches (0ms)
		RebuildScriptCaches (0ms)
		SetupLoadedEditorAssemblies (722ms)
			LogAssemblyErrors (0ms)
			InitializePlatformSupportModulesInManaged (16ms)
			SetLoadedEditorAssemblies (5ms)
			BeforeProcessingInitializeOnLoad (134ms)
			ProcessInitializeOnLoadAttributes (416ms)
			ProcessInitializeOnLoadMethodAttributes (148ms)
			AfterProcessingInitializeOnLoad (1ms)
			EditorAssembliesLoaded (0ms)
		ExecutionOrderSort2 (0ms)
		AwakeInstancesAfterBackupRestoration (26ms)
Asset Pipeline Refresh (id=91e6c21e8de794e97ba3b012fbaf1af1): Total: 1.874 seconds - Initiated by StopAssetImportingV2(ForceSynchronousImport | ForceDomainReload)
	Summary:
		Imports: total=0 (actual=0, local cache=0, cache server=0)
		Asset DB Process Time: managed=0 ms, native=1168 ms
		Asset DB Callback time: managed=40 ms, native=0 ms
		Scripting: domain reloads=1, domain reload time=662 ms, compile time=1 ms, other=0 ms
		Project Asset Count: scripts=2185, non-scripts=4000
		Asset File Changes: new=0, changed=0, moved=0, deleted=0
		Scan Filter Count: 0
	InvokeCustomDependenciesCallbacks: 0.000ms
	InvokePackagesCallback: 0.738ms
	ApplyChangesToAssetFolders: 0.288ms
	Scan: 0.000ms
	OnSourceAssetsModified: 0.001ms
	CategorizeAssetsWithTransientArtifact: 0.003ms
	ProcessAssetsWithTransientArtifactChanges: 3.860ms
	CategorizeAssets: 90.348ms
	ImportOutOfDateAssets: 1044.521ms (1039.100ms without children)
		CompileScripts: 0.944ms
		CollectScriptTypesHashes: 2.033ms
		ReloadNativeAssets: 1.295ms
		UnloadImportedAssets: 0.074ms
		EnsureUptoDateAssetsAreRegisteredWithGuidPM: 0.797ms
		InitializingProgressBar: 0.000ms
		PostProcessAllAssetNotificationsAddChangedAssets: 0.000ms
		OnDemandSchedulerStart: 0.276ms
	PostProcessAllAssets: 40.611ms
	GatherAllCurrentPrimaryArtifactRevisions: 0.169ms
	UnloadStreamsBegin: 0.167ms
	PersistCurrentRevisions: 0.177ms
	UnloadStreamsEnd: 0.001ms
	GenerateScriptTypeHashes: 11.686ms
	Untracked: 692.694ms

Loaded scene 'Temp/__Backupscenes/0.backup'
	Deserialize:            0.653 ms
	Integration:            262.515 ms
	Integration of assets:  0.001 ms
	Thread Wait Time:       0.006 ms
	Total Operation Time:   263.175 ms
[MODES] ModeService[none].Initialize
[MODES] ModeService[none].LoadModes
Start importing Assets/XR/Settings/OpenXR Package Settings.asset using Guid(d5a958a8ebc024e8e9740aa54c7756b6) (NativeFormatImporter) -> (artifact id: '002c107acaa8a3b3d36abbe5b61d2930') in 0.004685083 seconds
Refreshing native plugins compatible for Editor in 3.19 ms, found 9 plugins.
Preloading 0 native plugins for Editor in 0.00 ms.
Asset Pipeline Refresh (id=1de4c7bb2da30407cb010d9c77096ff1): Total: 0.074 seconds - Initiated by StopAssetImportingV2(NoUpdateAssetOptions)
Start importing Assets/XR/Settings/OpenXR Package Settings.asset using Guid(d5a958a8ebc024e8e9740aa54c7756b6) (NativeFormatImporter) -> (artifact id: '002c107acaa8a3b3d36abbe5b61d2930') in 0.001442625 seconds
Refreshing native plugins compatible for Editor in 3.06 ms, found 9 plugins.
Preloading 0 native plugins for Editor in 0.00 ms.
Asset Pipeline Refresh (id=38d7c27711b2c492da2c776fb615bb90): Total: 0.018 seconds - Initiated by StopAssetImportingV2(NoUpdateAssetOptions)
Start importing Assets/XR/Settings/OpenXR Package Settings.asset using Guid(d5a958a8ebc024e8e9740aa54c7756b6) (NativeFormatImporter) -> (artifact id: '002c107acaa8a3b3d36abbe5b61d2930') in 0.001393791 seconds
Refreshing native plugins compatible for Editor in 3.02 ms, found 9 plugins.
Preloading 0 native plugins for Editor in 0.00 ms.
Asset Pipeline Refresh (id=7b0bc794c7c6e444b96fd4d8bc9cad62): Total: 0.017 seconds - Initiated by StopAssetImportingV2(NoUpdateAssetOptions)
Start importing Assets/XR/Settings/OpenXR Package Settings.asset using Guid(d5a958a8ebc024e8e9740aa54c7756b6) (NativeFormatImporter) -> (artifact id: '002c107acaa8a3b3d36abbe5b61d2930') in 0.001332417 seconds
Refreshing native plugins compatible for Editor in 2.95 ms, found 9 plugins.
Preloading 0 native plugins for Editor in 0.00 ms.
Asset Pipeline Refresh (id=cc295f9ef9e3046029592c93a2a36f42): Total: 0.016 seconds - Initiated by StopAssetImportingV2(NoUpdateAssetOptions)
2026-09-10 11:11:47.141 Unity[51129:1076353] NSEventModifierFlagFunction specified to -setKeyEquivalentModifierMask: for item <NSMenuItem: 0x37dd200b0 SDF, ke='Command-F12'>, but is only supported for system-provided menu items; will not be used
GEO003_IMPORT root=Independent_Warehouse_Root renderers=10 entities=32 duplicates=0
UnityEngine.Debug:ExtractStackTraceNoAlloc (byte*,int,string)
UnityEngine.StackTraceUtility:ExtractStackTrace () (at /Users/bokken/build/output/unity/unity/Runtime/Export/Scripting/StackTrace.cs:35)
UnityEngine.DebugLogHandler:Internal_Log (UnityEngine.LogType,UnityEngine.LogOption,string,UnityEngine.Object)
UnityEngine.DebugLogHandler:LogFormat (UnityEngine.LogType,UnityEngine.Object,string,object[])
UnityEngine.Logger:Log (UnityEngine.LogType,object,UnityEngine.Object)
UnityEngine.Debug:Log (object,UnityEngine.Object)
SpatialGrid.WarehouseGeometry.IndependentTests.GEO003IndependentMeasurementTest/<MeasureIndependentAisle>d__4:MoveNext () (at Assets/Tests/PlayMode/WarehouseGeometryIndependent/GEO003IndependentMeasurementTest.cs:41)
UnityEngine.TestTools.TestEnumerator/<Execute>d__7:MoveNext () (at ./Library/PackageCache/com.unity.test-framework@0b7a23ab2e1d/UnityEngine.TestRunner/NUnitExtensions/Attributes/TestEnumerator.cs:44)
UnityEngine.TestTools.EnumerableTestMethodCommand/<ExecuteEnumerableAndRecordExceptions>d__4:MoveNext () (at ./Library/PackageCache/com.unity.test-framework@0b7a23ab2e1d/UnityEngine.TestRunner/NUnitExtensions/Commands/EnumerableTestMethodCommand.cs:79)
UnityEngine.TestTools.EnumerableTestMethodCommand:AdvanceEnumerator (System.Collections.IEnumerator) (at ./Library/PackageCache/com.unity.test-framework@0b7a23ab2e1d/UnityEngine.TestRunner/NUnitExtensions/Commands/EnumerableTestMethodCommand.cs:64)
UnityEngine.TestTools.EnumerableTestMethodCommand/<ExecuteEnumerable>d__2:MoveNext () (at ./Library/PackageCache/com.unity.test-framework@0b7a23ab2e1d/UnityEngine.TestRunner/NUnitExtensions/Commands/EnumerableTestMethodCommand.cs:47)
UnityEngine.TestRunner.NUnitExtensions.Runner.UnityLogCheckDelegatingCommand/<ExecuteEnumerable>d__3:MoveNext () (at ./Library/PackageCache/com.unity.test-framework@0b7a23ab2e1d/UnityEngine.TestRunner/NUnitExtensions/Runner/UnityLogCheckDelegatingCommand.cs:48)
UnityEngine.TestTools.BeforeAfterTestCommandBase`1/<ExecuteEnumerable>d__16<NUnit.Framework.ITestAction>:MoveNext () (at ./Library/PackageCache/com.unity.test-framework@0b7a23ab2e1d/UnityEngine.TestRunner/NUnitExtensions/Commands/BeforeAfterTestCommandBase.cs:212)
UnityEngine.TestTools.BeforeAfterTestCommandBase`1/<ExecuteEnumerable>d__16<System.Reflection.MethodInfo>:MoveNext () (at ./Library/PackageCache/com.unity.test-framework@0b7a23ab2e1d/UnityEngine.TestRunner/NUnitExtensions/Commands/BeforeAfterTestCommandBase.cs:212)
UnityEngine.TestTools.BeforeAfterTestCommandBase`1/<ExecuteEnumerable>d__16<System.Reflection.MethodInfo>:MoveNext () (at ./Library/PackageCache/com.unity.test-framework@0b7a23ab2e1d/UnityEngine.TestRunner/NUnitExtensions/Commands/BeforeAfterTestCommandBase.cs:212)
UnityEngine.TestTools.BeforeAfterTestCommandBase`1/<ExecuteEnumerable>d__16<UnityEngine.TestTools.IOuterUnityTestAction>:MoveNext () (at ./Library/PackageCache/com.unity.test-framework@0b7a23ab2e1d/UnityEngine.TestRunner/NUnitExtensions/Commands/BeforeAfterTestCommandBase.cs:212)
UnityEngine.TestTools.RetryCommand/<ExecuteEnumerable>d__2:MoveNext () (at ./Library/PackageCache/com.unity.test-framework@0b7a23ab2e1d/UnityEngine.TestRunner/NUnitExtensions/Commands/RetryCommand.cs:37)
UnityEngine.TestTools.RepeatCommand/<ExecuteEnumerable>d__2:MoveNext () (at ./Library/PackageCache/com.unity.test-framework@0b7a23ab2e1d/UnityEngine.TestRunner/NUnitExtensions/Commands/RepeatCommand.cs:36)
UnityEngine.TestTools.IgnoreTestCommand/<ExecuteEnumerable>d__3:MoveNext () (at ./Library/PackageCache/com.unity.test-framework@0b7a23ab2e1d/UnityEngine.TestRunner/NUnitExtensions/Commands/IgnoreTestCommand.cs:42)
UnityEngine.TestTools.StrictCheckCommand/<ExecuteEnumerable>d__2:MoveNext () (at ./Library/PackageCache/com.unity.test-framework@0b7a23ab2e1d/UnityEngine.TestRunner/NUnitExtensions/Commands/StrictCheckCommand.cs:29)
UnityEngine.TestTools.Utils.CoroutineRunner/<WrapEnumeratorForChecks>d__8:MoveNext () (at ./Library/PackageCache/com.unity.test-framework@0b7a23ab2e1d/UnityEngine.TestRunner/Utils/CoroutineRunner.cs:58)
UnityEngine.SetupCoroutine:InvokeMoveNext (System.Collections.IEnumerator,intptr) (at /Users/bokken/build/output/unity/unity/Runtime/Export/Scripting/Coroutines.cs:17)

(Filename: Assets/Tests/PlayMode/WarehouseGeometryIndependent/GEO003IndependentMeasurementTest.cs Line: 41)

GEO003_BOUNDS boundaryA_min=(4.74, 0.00, -8.07) boundaryA_max=(6.85, 6.53, 9.98) boundaryB_min=(-6.69, 0.00, 0.80) boundaryB_max=(-2.77, 2.61, 1.68)
UnityEngine.Debug:ExtractStackTraceNoAlloc (byte*,int,string)
UnityEngine.StackTraceUtility:ExtractStackTrace () (at /Users/bokken/build/output/unity/unity/Runtime/Export/Scripting/StackTrace.cs:35)
UnityEngine.DebugLogHandler:Internal_Log (UnityEngine.LogType,UnityEngine.LogOption,string,UnityEngine.Object)
UnityEngine.DebugLogHandler:LogFormat (UnityEngine.LogType,UnityEngine.Object,string,object[])
UnityEngine.Logger:Log (UnityEngine.LogType,object,UnityEngine.Object)
UnityEngine.Debug:Log (object,UnityEngine.Object)
SpatialGrid.WarehouseGeometry.IndependentTests.GEO003IndependentMeasurementTest/<MeasureIndependentAisle>d__4:MoveNext () (at Assets/Tests/PlayMode/WarehouseGeometryIndependent/GEO003IndependentMeasurementTest.cs:57)
UnityEngine.TestTools.TestEnumerator/<Execute>d__7:MoveNext () (at ./Library/PackageCache/com.unity.test-framework@0b7a23ab2e1d/UnityEngine.TestRunner/NUnitExtensions/Attributes/TestEnumerator.cs:44)
UnityEngine.TestTools.EnumerableTestMethodCommand/<ExecuteEnumerableAndRecordExceptions>d__4:MoveNext () (at ./Library/PackageCache/com.unity.test-framework@0b7a23ab2e1d/UnityEngine.TestRunner/NUnitExtensions/Commands/EnumerableTestMethodCommand.cs:79)
UnityEngine.TestTools.EnumerableTestMethodCommand:AdvanceEnumerator (System.Collections.IEnumerator) (at ./Library/PackageCache/com.unity.test-framework@0b7a23ab2e1d/UnityEngine.TestRunner/NUnitExtensions/Commands/EnumerableTestMethodCommand.cs:64)
UnityEngine.TestTools.EnumerableTestMethodCommand/<ExecuteEnumerable>d__2:MoveNext () (at ./Library/PackageCache/com.unity.test-framework@0b7a23ab2e1d/UnityEngine.TestRunner/NUnitExtensions/Commands/EnumerableTestMethodCommand.cs:47)
UnityEngine.TestRunner.NUnitExtensions.Runner.UnityLogCheckDelegatingCommand/<ExecuteEnumerable>d__3:MoveNext () (at ./Library/PackageCache/com.unity.test-framework@0b7a23ab2e1d/UnityEngine.TestRunner/NUnitExtensions/Runner/UnityLogCheckDelegatingCommand.cs:48)
UnityEngine.TestTools.BeforeAfterTestCommandBase`1/<ExecuteEnumerable>d__16<NUnit.Framework.ITestAction>:MoveNext () (at ./Library/PackageCache/com.unity.test-framework@0b7a23ab2e1d/UnityEngine.TestRunner/NUnitExtensions/Commands/BeforeAfterTestCommandBase.cs:212)
UnityEngine.TestTools.BeforeAfterTestCommandBase`1/<ExecuteEnumerable>d__16<System.Reflection.MethodInfo>:MoveNext () (at ./Library/PackageCache/com.unity.test-framework@0b7a23ab2e1d/UnityEngine.TestRunner/NUnitExtensions/Commands/BeforeAfterTestCommandBase.cs:212)
UnityEngine.TestTools.BeforeAfterTestCommandBase`1/<ExecuteEnumerable>d__16<System.Reflection.MethodInfo>:MoveNext () (at ./Library/PackageCache/com.unity.test-framework@0b7a23ab2e1d/UnityEngine.TestRunner/NUnitExtensions/Commands/BeforeAfterTestCommandBase.cs:212)
UnityEngine.TestTools.BeforeAfterTestCommandBase`1/<ExecuteEnumerable>d__16<UnityEngine.TestTools.IOuterUnityTestAction>:MoveNext () (at ./Library/PackageCache/com.unity.test-framework@0b7a23ab2e1d/UnityEngine.TestRunner/NUnitExtensions/Commands/BeforeAfterTestCommandBase.cs:212)
UnityEngine.TestTools.RetryCommand/<ExecuteEnumerable>d__2:MoveNext () (at ./Library/PackageCache/com.unity.test-framework@0b7a23ab2e1d/UnityEngine.TestRunner/NUnitExtensions/Commands/RetryCommand.cs:37)
UnityEngine.TestTools.RepeatCommand/<ExecuteEnumerable>d__2:MoveNext () (at ./Library/PackageCache/com.unity.test-framework@0b7a23ab2e1d/UnityEngine.TestRunner/NUnitExtensions/Commands/RepeatCommand.cs:36)
UnityEngine.TestTools.IgnoreTestCommand/<ExecuteEnumerable>d__3:MoveNext () (at ./Library/PackageCache/com.unity.test-framework@0b7a23ab2e1d/UnityEngine.TestRunner/NUnitExtensions/Commands/IgnoreTestCommand.cs:42)
UnityEngine.TestTools.StrictCheckCommand/<ExecuteEnumerable>d__2:MoveNext () (at ./Library/PackageCache/com.unity.test-framework@0b7a23ab2e1d/UnityEngine.TestRunner/NUnitExtensions/Commands/StrictCheckCommand.cs:29)
UnityEngine.TestTools.Utils.CoroutineRunner/<WrapEnumeratorForChecks>d__8:MoveNext () (at ./Library/PackageCache/com.unity.test-framework@0b7a23ab2e1d/UnityEngine.TestRunner/Utils/CoroutineRunner.cs:58)
UnityEngine.SetupCoroutine:InvokeMoveNext (System.Collections.IEnumerator,intptr) (at /Users/bokken/build/output/unity/unity/Runtime/Export/Scripting/Coroutines.cs:17)

(Filename: Assets/Tests/PlayMode/WarehouseGeometryIndependent/GEO003IndependentMeasurementTest.cs Line: 57)

GEO003_INDEPENDENT_RESULT required=1.915000m available=7.509663m difference=+5.594663m status=Pass boundaryA=aws_robomaker_warehouse_ShelfF_01_001 boundaryB=aws_robomaker_warehouse_ShelfD_01_001 axis=X sourceFile=WarehouseGeometry/aws_independent_warehouse.glb
UnityEngine.Debug:ExtractStackTraceNoAlloc (byte*,int,string)
UnityEngine.StackTraceUtility:ExtractStackTrace () (at /Users/bokken/build/output/unity/unity/Runtime/Export/Scripting/StackTrace.cs:35)
UnityEngine.DebugLogHandler:Internal_Log (UnityEngine.LogType,UnityEngine.LogOption,string,UnityEngine.Object)
UnityEngine.DebugLogHandler:LogFormat (UnityEngine.LogType,UnityEngine.Object,string,object[])
UnityEngine.Logger:Log (UnityEngine.LogType,object,UnityEngine.Object)
UnityEngine.Debug:Log (object,UnityEngine.Object)
SpatialGrid.WarehouseGeometry.IndependentTests.GEO003IndependentMeasurementTest/<MeasureIndependentAisle>d__4:MoveNext () (at Assets/Tests/PlayMode/WarehouseGeometryIndependent/GEO003IndependentMeasurementTest.cs:58)
UnityEngine.TestTools.TestEnumerator/<Execute>d__7:MoveNext () (at ./Library/PackageCache/com.unity.test-framework@0b7a23ab2e1d/UnityEngine.TestRunner/NUnitExtensions/Attributes/TestEnumerator.cs:44)
UnityEngine.TestTools.EnumerableTestMethodCommand/<ExecuteEnumerableAndRecordExceptions>d__4:MoveNext () (at ./Library/PackageCache/com.unity.test-framework@0b7a23ab2e1d/UnityEngine.TestRunner/NUnitExtensions/Commands/EnumerableTestMethodCommand.cs:79)
UnityEngine.TestTools.EnumerableTestMethodCommand:AdvanceEnumerator (System.Collections.IEnumerator) (at ./Library/PackageCache/com.unity.test-framework@0b7a23ab2e1d/UnityEngine.TestRunner/NUnitExtensions/Commands/EnumerableTestMethodCommand.cs:64)
UnityEngine.TestTools.EnumerableTestMethodCommand/<ExecuteEnumerable>d__2:MoveNext () (at ./Library/PackageCache/com.unity.test-framework@0b7a23ab2e1d/UnityEngine.TestRunner/NUnitExtensions/Commands/EnumerableTestMethodCommand.cs:47)
UnityEngine.TestRunner.NUnitExtensions.Runner.UnityLogCheckDelegatingCommand/<ExecuteEnumerable>d__3:MoveNext () (at ./Library/PackageCache/com.unity.test-framework@0b7a23ab2e1d/UnityEngine.TestRunner/NUnitExtensions/Runner/UnityLogCheckDelegatingCommand.cs:48)
UnityEngine.TestTools.BeforeAfterTestCommandBase`1/<ExecuteEnumerable>d__16<NUnit.Framework.ITestAction>:MoveNext () (at ./Library/PackageCache/com.unity.test-framework@0b7a23ab2e1d/UnityEngine.TestRunner/NUnitExtensions/Commands/BeforeAfterTestCommandBase.cs:212)
UnityEngine.TestTools.BeforeAfterTestCommandBase`1/<ExecuteEnumerable>d__16<System.Reflection.MethodInfo>:MoveNext () (at ./Library/PackageCache/com.unity.test-framework@0b7a23ab2e1d/UnityEngine.TestRunner/NUnitExtensions/Commands/BeforeAfterTestCommandBase.cs:212)
UnityEngine.TestTools.BeforeAfterTestCommandBase`1/<ExecuteEnumerable>d__16<System.Reflection.MethodInfo>:MoveNext () (at ./Library/PackageCache/com.unity.test-framework@0b7a23ab2e1d/UnityEngine.TestRunner/NUnitExtensions/Commands/BeforeAfterTestCommandBase.cs:212)
UnityEngine.TestTools.BeforeAfterTestCommandBase`1/<ExecuteEnumerable>d__16<UnityEngine.TestTools.IOuterUnityTestAction>:MoveNext () (at ./Library/PackageCache/com.unity.test-framework@0b7a23ab2e1d/UnityEngine.TestRunner/NUnitExtensions/Commands/BeforeAfterTestCommandBase.cs:212)
UnityEngine.TestTools.RetryCommand/<ExecuteEnumerable>d__2:MoveNext () (at ./Library/PackageCache/com.unity.test-framework@0b7a23ab2e1d/UnityEngine.TestRunner/NUnitExtensions/Commands/RetryCommand.cs:37)
UnityEngine.TestTools.RepeatCommand/<ExecuteEnumerable>d__2:MoveNext () (at ./Library/PackageCache/com.unity.test-framework@0b7a23ab2e1d/UnityEngine.TestRunner/NUnitExtensions/Commands/RepeatCommand.cs:36)
UnityEngine.TestTools.IgnoreTestCommand/<ExecuteEnumerable>d__3:MoveNext () (at ./Library/PackageCache/com.unity.test-framework@0b7a23ab2e1d/UnityEngine.TestRunner/NUnitExtensions/Commands/IgnoreTestCommand.cs:42)
UnityEngine.TestTools.StrictCheckCommand/<ExecuteEnumerable>d__2:MoveNext () (at ./Library/PackageCache/com.unity.test-framework@0b7a23ab2e1d/UnityEngine.TestRunner/NUnitExtensions/Commands/StrictCheckCommand.cs:29)
UnityEngine.TestTools.Utils.CoroutineRunner/<WrapEnumeratorForChecks>d__8:MoveNext () (at ./Library/PackageCache/com.unity.test-framework@0b7a23ab2e1d/UnityEngine.TestRunner/Utils/CoroutineRunner.cs:58)
UnityEngine.SetupCoroutine:InvokeMoveNext (System.Collections.IEnumerator,intptr) (at /Users/bokken/build/output/unity/unity/Runtime/Export/Scripting/Coroutines.cs:17)

(Filename: Assets/Tests/PlayMode/WarehouseGeometryIndependent/GEO003IndependentMeasurementTest.cs Line: 58)

Unloading 6 Unused Serialized files (Serialized files now loaded: 0)
UnloadTime: 0.263500 ms
Loaded scene 'Assets/Scenes/PlatformVR_GeometryTest.unity'
	Deserialize:            10.205 ms
	Integration:            240.613 ms
	Integration of assets:  2.595 ms
	Thread Wait Time:       0.783 ms
	Total Operation Time:   254.196 ms
1
UnityEngine.Debug:ExtractStackTraceNoAlloc (byte*,int,string)
UnityEngine.StackTraceUtility:ExtractStackTrace () (at /Users/bokken/build/output/unity/unity/Runtime/Export/Scripting/StackTrace.cs:35)
UnityEngine.DebugLogHandler:Internal_Log (UnityEngine.LogType,UnityEngine.LogOption,string,UnityEngine.Object)
UnityEngine.DebugLogHandler:LogFormat (UnityEngine.LogType,UnityEngine.Object,string,object[])
UnityEngine.Logger:Log (UnityEngine.LogType,object)
UnityEngine.Debug:Log (object)
TweenTrail:Start () (at Assets/Scripts/TweenTrail.cs:18)

(Filename: Assets/Scripts/TweenTrail.cs Line: 18)

Unloading 276 unused Assets / (1.4 MB). Loaded Objects now: 8738.
Memory consumption went from 331.6 MB to 330.2 MB.
Total: 19.305042 ms (FindLiveObjects: 0.459667 ms CreateObjectMapping: 0.133708 ms MarkObjects: 16.560500 ms  DeleteObjects: 2.150916 ms)

PLAYMODE_SCENE_ROOTS Main Camera,Directional Light,WarehouseGeometryTest
UnityEngine.Debug:ExtractStackTraceNoAlloc (byte*,int,string)
UnityEngine.StackTraceUtility:ExtractStackTrace () (at /Users/bokken/build/output/unity/unity/Runtime/Export/Scripting/StackTrace.cs:35)
UnityEngine.DebugLogHandler:Internal_Log (UnityEngine.LogType,UnityEngine.LogOption,string,UnityEngine.Object)
UnityEngine.DebugLogHandler:LogFormat (UnityEngine.LogType,UnityEngine.Object,string,object[])
UnityEngine.Logger:Log (UnityEngine.LogType,object)
UnityEngine.Debug:Log (object)
SpatialGrid.WarehouseGeometry.PlayModeTests.WarehouseGeometryPlayModeTests/<PublicRackAssembly_RuntimeMeasuresBlockedAtOnePointSevenFiveMeters>d__1:MoveNext () (at Assets/Tests/PlayMode/WarehouseGeometry/WarehouseGeometryPlayModeTests.cs:23)
UnityEngine.TestTools.TestEnumerator/<Execute>d__7:MoveNext () (at ./Library/PackageCache/com.unity.test-framework@0b7a23ab2e1d/UnityEngine.TestRunner/NUnitExtensions/Attributes/TestEnumerator.cs:44)
UnityEngine.TestTools.EnumerableTestMethodCommand/<ExecuteEnumerableAndRecordExceptions>d__4:MoveNext () (at ./Library/PackageCache/com.unity.test-framework@0b7a23ab2e1d/UnityEngine.TestRunner/NUnitExtensions/Commands/EnumerableTestMethodCommand.cs:79)
UnityEngine.TestTools.EnumerableTestMethodCommand:AdvanceEnumerator (System.Collections.IEnumerator) (at ./Library/PackageCache/com.unity.test-framework@0b7a23ab2e1d/UnityEngine.TestRunner/NUnitExtensions/Commands/EnumerableTestMethodCommand.cs:64)
UnityEngine.TestTools.EnumerableTestMethodCommand/<ExecuteEnumerable>d__2:MoveNext () (at ./Library/PackageCache/com.unity.test-framework@0b7a23ab2e1d/UnityEngine.TestRunner/NUnitExtensions/Commands/EnumerableTestMethodCommand.cs:47)
UnityEngine.TestRunner.NUnitExtensions.Runner.UnityLogCheckDelegatingCommand/<ExecuteEnumerable>d__3:MoveNext () (at ./Library/PackageCache/com.unity.test-framework@0b7a23ab2e1d/UnityEngine.TestRunner/NUnitExtensions/Runner/UnityLogCheckDelegatingCommand.cs:48)
UnityEngine.TestTools.BeforeAfterTestCommandBase`1/<ExecuteEnumerable>d__16<NUnit.Framework.ITestAction>:MoveNext () (at ./Library/PackageCache/com.unity.test-framework@0b7a23ab2e1d/UnityEngine.TestRunner/NUnitExtensions/Commands/BeforeAfterTestCommandBase.cs:212)
UnityEngine.TestTools.BeforeAfterTestCommandBase`1/<ExecuteEnumerable>d__16<System.Reflection.MethodInfo>:MoveNext () (at ./Library/PackageCache/com.unity.test-framework@0b7a23ab2e1d/UnityEngine.TestRunner/NUnitExtensions/Commands/BeforeAfterTestCommandBase.cs:212)
UnityEngine.TestTools.BeforeAfterTestCommandBase`1/<ExecuteEnumerable>d__16<System.Reflection.MethodInfo>:MoveNext () (at ./Library/PackageCache/com.unity.test-framework@0b7a23ab2e1d/UnityEngine.TestRunner/NUnitExtensions/Commands/BeforeAfterTestCommandBase.cs:212)
UnityEngine.TestTools.BeforeAfterTestCommandBase`1/<ExecuteEnumerable>d__16<UnityEngine.TestTools.IOuterUnityTestAction>:MoveNext () (at ./Library/PackageCache/com.unity.test-framework@0b7a23ab2e1d/UnityEngine.TestRunner/NUnitExtensions/Commands/BeforeAfterTestCommandBase.cs:212)
UnityEngine.TestTools.RetryCommand/<ExecuteEnumerable>d__2:MoveNext () (at ./Library/PackageCache/com.unity.test-framework@0b7a23ab2e1d/UnityEngine.TestRunner/NUnitExtensions/Commands/RetryCommand.cs:37)
UnityEngine.TestTools.RepeatCommand/<ExecuteEnumerable>d__2:MoveNext () (at ./Library/PackageCache/com.unity.test-framework@0b7a23ab2e1d/UnityEngine.TestRunner/NUnitExtensions/Commands/RepeatCommand.cs:36)
UnityEngine.TestTools.IgnoreTestCommand/<ExecuteEnumerable>d__3:MoveNext () (at ./Library/PackageCache/com.unity.test-framework@0b7a23ab2e1d/UnityEngine.TestRunner/NUnitExtensions/Commands/IgnoreTestCommand.cs:42)
UnityEngine.TestTools.StrictCheckCommand/<ExecuteEnumerable>d__2:MoveNext () (at ./Library/PackageCache/com.unity.test-framework@0b7a23ab2e1d/UnityEngine.TestRunner/NUnitExtensions/Commands/StrictCheckCommand.cs:29)
UnityEngine.TestTools.Utils.CoroutineRunner/<WrapEnumeratorForChecks>d__8:MoveNext () (at ./Library/PackageCache/com.unity.test-framework@0b7a23ab2e1d/UnityEngine.TestRunner/Utils/CoroutineRunner.cs:58)
UnityEngine.SetupCoroutine:InvokeMoveNext (System.Collections.IEnumerator,intptr) (at /Users/bokken/build/output/unity/unity/Runtime/Export/Scripting/Coroutines.cs:17)

(Filename: Assets/Tests/PlayMode/WarehouseGeometry/WarehouseGeometryPlayModeTests.cs Line: 23)

WAREHOUSE_IMPORT root=Warehouse_Public_Source position=(0.00, 0.00, 0.00) rotation=(0.00, 0.00, 0.00) scale=(1.00, 1.00, 1.00) boundsCenter=(0.00, 1.10, 0.00) boundsSize=(8.00, 2.40, 6.00) renderers=6 entities=9 duplicates=1
UnityEngine.Debug:ExtractStackTraceNoAlloc (byte*,int,string)
UnityEngine.StackTraceUtility:ExtractStackTrace () (at /Users/bokken/build/output/unity/unity/Runtime/Export/Scripting/StackTrace.cs:35)
UnityEngine.DebugLogHandler:Internal_Log (UnityEngine.LogType,UnityEngine.LogOption,string,UnityEngine.Object)
UnityEngine.DebugLogHandler:LogFormat (UnityEngine.LogType,UnityEngine.Object,string,object[])
UnityEngine.Logger:Log (UnityEngine.LogType,object,UnityEngine.Object)
UnityEngine.Debug:Log (object,UnityEngine.Object)
SpatialGrid.WarehouseGeometry.WarehouseGeometryTestController/<Run>d__22:MoveNext () (at Assets/Scripts/WarehouseGeometry/WarehouseGeometryTestController.cs:60)
System.Runtime.CompilerServices.AsyncMethodBuilderCore/MoveNextRunner:InvokeMoveNext (object)
System.Threading.ExecutionContext:RunInternal (System.Threading.ExecutionContext,System.Threading.ContextCallback,object,bool)
System.Threading.ExecutionContext:Run (System.Threading.ExecutionContext,System.Threading.ContextCallback,object,bool)
System.Runtime.CompilerServices.AsyncMethodBuilderCore/MoveNextRunner:Run ()
System.Threading.Tasks.AwaitTaskContinuation:InvokeAction (object)
System.Threading.Tasks.AwaitTaskContinuation:RunCallback (System.Threading.ContextCallback,object,System.Threading.Tasks.Task&)
System.Threading.Tasks.SynchronizationContextAwaitTaskContinuation:Run (System.Threading.Tasks.Task,bool)
System.Threading.Tasks.Task:FinishContinuations ()
System.Threading.Tasks.Task:FinishStageThree ()
System.Threading.Tasks.Task`1<bool>:TrySetResult (bool)
System.Runtime.CompilerServices.AsyncTaskMethodBuilder`1<bool>:SetResult (bool)
GLTFast.GltfImportBase/<Load>d__59:MoveNext () (at ./Library/PackageCache/com.unity.cloud.gltfast@0847aee0f6da/Runtime/Scripts/GltfImport.cs:407)
System.Runtime.CompilerServices.AsyncMethodBuilderCore/MoveNextRunner:InvokeMoveNext (object)
System.Threading.ExecutionContext:RunInternal (System.Threading.ExecutionContext,System.Threading.ContextCallback,object,bool)
System.Threading.ExecutionContext:Run (System.Threading.ExecutionContext,System.Threading.ContextCallback,object,bool)
System.Runtime.CompilerServices.AsyncMethodBuilderCore/MoveNextRunner:Run ()
System.Threading.Tasks.AwaitTaskContinuation:InvokeAction (object)
System.Threading.Tasks.AwaitTaskContinuation:RunCallback (System.Threading.ContextCallback,object,System.Threading.Tasks.Task&)
System.Threading.Tasks.SynchronizationContextAwaitTaskContinuation:Run (System.Threading.Tasks.Task,bool)
System.Threading.Tasks.Task:FinishContinuations ()
System.Threading.Tasks.Task:FinishStageThree ()
System.Threading.Tasks.Task`1<bool>:TrySetResult (bool)
System.Runtime.CompilerServices.AsyncTaskMethodBuilder`1<bool>:SetResult (bool)
GLTFast.GltfImportBase/<Load>d__60:MoveNext () (at ./Library/PackageCache/com.unity.cloud.gltfast@0847aee0f6da/Runtime/Scripts/GltfImport.cs:425)
System.Runtime.CompilerServices.AsyncMethodBuilderCore/MoveNextRunner:InvokeMoveNext (object)
System.Threading.ExecutionContext:RunInternal (System.Threading.ExecutionContext,System.Threading.ContextCallback,object,bool)
System.Threading.ExecutionContext:Run (System.Threading.ExecutionContext,System.Threading.ContextCallback,object,bool)
System.Runtime.CompilerServices.AsyncMethodBuilderCore/MoveNextRunner:Run ()
System.Threading.Tasks.AwaitTaskContinuation:InvokeAction (object)
System.Threading.Tasks.AwaitTaskContinuation:RunCallback (System.Threading.ContextCallback,object,System.Threading.Tasks.Task&)
System.Threading.Tasks.SynchronizationContextAwaitTaskContinuation:Run (System.Threading.Tasks.Task,bool)
System.Threading.Tasks.Task:FinishContinuations ()
System.Threading.Tasks.Task:FinishStageThree ()
System.Threading.Tasks.Task`1<bool>:TrySetResult (bool)
System.Runtime.CompilerServices.AsyncTaskMethodBuilder`1<bool>:SetResult (bool)
GLTFast.GltfImportBase/<LoadFromUri>d__119:MoveNext () (at ./Library/PackageCache/com.unity.cloud.gltfast@0847aee0f6da/Runtime/Scripts/GltfImport.cs:1219)
System.Runtime.CompilerServices.AsyncMethodBuilderCore/MoveNextRunner:InvokeMoveNext (object)
System.Threading.ExecutionContext:RunInternal (System.Threading.ExecutionContext,System.Threading.ContextCallback,object,bool)
System.Threading.ExecutionContext:Run (System.Threading.ExecutionContext,System.Threading.ContextCallback,object,bool)
System.Runtime.CompilerServices.AsyncMethodBuilderCore/MoveNextRunner:Run ()
System.Threading.Tasks.AwaitTaskContinuation:InvokeAction (object)
System.Threading.Tasks.AwaitTaskContinuation:RunCallback (System.Threading.ContextCallback,object,System.Threading.Tasks.Task&)
System.Threading.Tasks.SynchronizationContextAwaitTaskContinuation:Run (System.Threading.Tasks.Task,bool)
System.Threading.Tasks.Task:FinishContinuations ()
System.Threading.Tasks.Task:FinishStageThree ()
System.Threading.Tasks.Task`1<bool>:TrySetResult (bool)
System.Runtime.CompilerServices.AsyncTaskMethodBuilder`1<bool>:SetResult (bool)
GLTFast.GltfImportBase/<Prepare>d__144:MoveNext () (at ./Library/PackageCache/com.unity.cloud.gltfast@0847aee0f6da/Runtime/Scripts/GltfImport.cs:2330)
System.Runtime.CompilerServices.AsyncMethodBuilderCore/MoveNextRunner:InvokeMoveNext (object)
System.Threading.ExecutionContext:RunInternal (System.Threading.ExecutionContext,System.Threading.ContextCallback,object,bool)
System.Threading.ExecutionContext:Run (System.Threading.ExecutionContext,System.Threading.ContextCallback,object,bool)
System.Runtime.CompilerServices.AsyncMethodBuilderCore/MoveNextRunner:Run ()
System.Threading.Tasks.AwaitTaskContinuation:InvokeAction (object)
System.Threading.Tasks.AwaitTaskContinuation:RunCallback (System.Threading.ContextCallback,object,System.Threading.Tasks.Task&)
System.Threading.Tasks.SynchronizationContextAwaitTaskContinuation:Run (System.Threading.Tasks.Task,bool)
System.Threading.Tasks.Task:FinishContinuations ()
System.Threading.Tasks.Task:FinishStageThree ()
System.Threading.Tasks.Task`1<System.Threading.Tasks.VoidTaskResult>:TrySetResult (System.Threading.Tasks.VoidTaskResult)
System.Runtime.CompilerServices.AsyncTaskMethodBuilder`1<System.Threading.Tasks.VoidTaskResult>:SetResult (System.Threading.Tasks.VoidTaskResult)
System.Runtime.CompilerServices.AsyncTaskMethodBuilder`1<System.Threading.Tasks.VoidTaskResult>:SetResult (System.Threading.Tasks.Task`1<System.Threading.Tasks.VoidTaskResult>)
System.Runtime.CompilerServices.AsyncTaskMethodBuilder:SetResult ()
GLTFast.GltfImportBase/<WaitForAllMeshGenerators>d__150:MoveNext () (at ./Library/PackageCache/com.unity.cloud.gltfast@0847aee0f6da/Runtime/Scripts/GltfImport.cs:2529)
System.Runtime.CompilerServices.AsyncMethodBuilderCore/MoveNextRunner:InvokeMoveNext (object)
System.Threading.ExecutionContext:RunInternal (System.Threading.ExecutionContext,System.Threading.ContextCallback,object,bool)
System.Threading.ExecutionContext:Run (System.Threading.ExecutionContext,System.Threading.ContextCallback,object,bool)
System.Runtime.CompilerServices.AsyncMethodBuilderCore/MoveNextRunner:Run ()
System.Runtime.CompilerServices.YieldAwaitable/YieldAwaiter:RunAction (object)
UnityEngine.UnitySynchronizationContext/WorkRequest:Invoke () (at /Users/bokken/build/output/unity/unity/Runtime/Export/Scripting/UnitySynchronizationContext.cs:156)
UnityEngine.UnitySynchronizationContext:Exec () (at /Users/bokken/build/output/unity/unity/Runtime/Export/Scripting/UnitySynchronizationContext.cs:84)
UnityEngine.UnitySynchronizationContext:ExecuteTasks () (at /Users/bokken/build/output/unity/unity/Runtime/Export/Scripting/UnitySynchronizationContext.cs:110)

(Filename: Assets/Scripts/WarehouseGeometry/WarehouseGeometryTestController.cs Line: 60)

WAREHOUSE_ENTITIES Rack_Left=Rack_Left Rack_Right=Rack_Right Aisle_01=Aisle_01 Blocker_Region_01=Blocker_Region_01
UnityEngine.Debug:ExtractStackTraceNoAlloc (byte*,int,string)
UnityEngine.StackTraceUtility:ExtractStackTrace () (at /Users/bokken/build/output/unity/unity/Runtime/Export/Scripting/StackTrace.cs:35)
UnityEngine.DebugLogHandler:Internal_Log (UnityEngine.LogType,UnityEngine.LogOption,string,UnityEngine.Object)
UnityEngine.DebugLogHandler:LogFormat (UnityEngine.LogType,UnityEngine.Object,string,object[])
UnityEngine.Logger:Log (UnityEngine.LogType,object,UnityEngine.Object)
UnityEngine.Debug:Log (object,UnityEngine.Object)
SpatialGrid.WarehouseGeometry.WarehouseGeometryTestController/<Run>d__22:MoveNext () (at Assets/Scripts/WarehouseGeometry/WarehouseGeometryTestController.cs:61)
System.Runtime.CompilerServices.AsyncMethodBuilderCore/MoveNextRunner:InvokeMoveNext (object)
System.Threading.ExecutionContext:RunInternal (System.Threading.ExecutionContext,System.Threading.ContextCallback,object,bool)
System.Threading.ExecutionContext:Run (System.Threading.ExecutionContext,System.Threading.ContextCallback,object,bool)
System.Runtime.CompilerServices.AsyncMethodBuilderCore/MoveNextRunner:Run ()
System.Threading.Tasks.AwaitTaskContinuation:InvokeAction (object)
System.Threading.Tasks.AwaitTaskContinuation:RunCallback (System.Threading.ContextCallback,object,System.Threading.Tasks.Task&)
System.Threading.Tasks.SynchronizationContextAwaitTaskContinuation:Run (System.Threading.Tasks.Task,bool)
System.Threading.Tasks.Task:FinishContinuations ()
System.Threading.Tasks.Task:FinishStageThree ()
System.Threading.Tasks.Task`1<bool>:TrySetResult (bool)
System.Runtime.CompilerServices.AsyncTaskMethodBuilder`1<bool>:SetResult (bool)
GLTFast.GltfImportBase/<Load>d__59:MoveNext () (at ./Library/PackageCache/com.unity.cloud.gltfast@0847aee0f6da/Runtime/Scripts/GltfImport.cs:407)
System.Runtime.CompilerServices.AsyncMethodBuilderCore/MoveNextRunner:InvokeMoveNext (object)
System.Threading.ExecutionContext:RunInternal (System.Threading.ExecutionContext,System.Threading.ContextCallback,object,bool)
System.Threading.ExecutionContext:Run (System.Threading.ExecutionContext,System.Threading.ContextCallback,object,bool)
System.Runtime.CompilerServices.AsyncMethodBuilderCore/MoveNextRunner:Run ()
System.Threading.Tasks.AwaitTaskContinuation:InvokeAction (object)
System.Threading.Tasks.AwaitTaskContinuation:RunCallback (System.Threading.ContextCallback,object,System.Threading.Tasks.Task&)
System.Threading.Tasks.SynchronizationContextAwaitTaskContinuation:Run (System.Threading.Tasks.Task,bool)
System.Threading.Tasks.Task:FinishContinuations ()
System.Threading.Tasks.Task:FinishStageThree ()
System.Threading.Tasks.Task`1<bool>:TrySetResult (bool)
System.Runtime.CompilerServices.AsyncTaskMethodBuilder`1<bool>:SetResult (bool)
GLTFast.GltfImportBase/<Load>d__60:MoveNext () (at ./Library/PackageCache/com.unity.cloud.gltfast@0847aee0f6da/Runtime/Scripts/GltfImport.cs:425)
System.Runtime.CompilerServices.AsyncMethodBuilderCore/MoveNextRunner:InvokeMoveNext (object)
System.Threading.ExecutionContext:RunInternal (System.Threading.ExecutionContext,System.Threading.ContextCallback,object,bool)
System.Threading.ExecutionContext:Run (System.Threading.ExecutionContext,System.Threading.ContextCallback,object,bool)
System.Runtime.CompilerServices.AsyncMethodBuilderCore/MoveNextRunner:Run ()
System.Threading.Tasks.AwaitTaskContinuation:InvokeAction (object)
System.Threading.Tasks.AwaitTaskContinuation:RunCallback (System.Threading.ContextCallback,object,System.Threading.Tasks.Task&)
System.Threading.Tasks.SynchronizationContextAwaitTaskContinuation:Run (System.Threading.Tasks.Task,bool)
System.Threading.Tasks.Task:FinishContinuations ()
System.Threading.Tasks.Task:FinishStageThree ()
System.Threading.Tasks.Task`1<bool>:TrySetResult (bool)
System.Runtime.CompilerServices.AsyncTaskMethodBuilder`1<bool>:SetResult (bool)
GLTFast.GltfImportBase/<LoadFromUri>d__119:MoveNext () (at ./Library/PackageCache/com.unity.cloud.gltfast@0847aee0f6da/Runtime/Scripts/GltfImport.cs:1219)
System.Runtime.CompilerServices.AsyncMethodBuilderCore/MoveNextRunner:InvokeMoveNext (object)
System.Threading.ExecutionContext:RunInternal (System.Threading.ExecutionContext,System.Threading.ContextCallback,object,bool)
System.Threading.ExecutionContext:Run (System.Threading.ExecutionContext,System.Threading.ContextCallback,object,bool)
System.Runtime.CompilerServices.AsyncMethodBuilderCore/MoveNextRunner:Run ()
System.Threading.Tasks.AwaitTaskContinuation:InvokeAction (object)
System.Threading.Tasks.AwaitTaskContinuation:RunCallback (System.Threading.ContextCallback,object,System.Threading.Tasks.Task&)
System.Threading.Tasks.SynchronizationContextAwaitTaskContinuation:Run (System.Threading.Tasks.Task,bool)
System.Threading.Tasks.Task:FinishContinuations ()
System.Threading.Tasks.Task:FinishStageThree ()
System.Threading.Tasks.Task`1<bool>:TrySetResult (bool)
System.Runtime.CompilerServices.AsyncTaskMethodBuilder`1<bool>:SetResult (bool)
GLTFast.GltfImportBase/<Prepare>d__144:MoveNext () (at ./Library/PackageCache/com.unity.cloud.gltfast@0847aee0f6da/Runtime/Scripts/GltfImport.cs:2330)
System.Runtime.CompilerServices.AsyncMethodBuilderCore/MoveNextRunner:InvokeMoveNext (object)
System.Threading.ExecutionContext:RunInternal (System.Threading.ExecutionContext,System.Threading.ContextCallback,object,bool)
System.Threading.ExecutionContext:Run (System.Threading.ExecutionContext,System.Threading.ContextCallback,object,bool)
System.Runtime.CompilerServices.AsyncMethodBuilderCore/MoveNextRunner:Run ()
System.Threading.Tasks.AwaitTaskContinuation:InvokeAction (object)
System.Threading.Tasks.AwaitTaskContinuation:RunCallback (System.Threading.ContextCallback,object,System.Threading.Tasks.Task&)
System.Threading.Tasks.SynchronizationContextAwaitTaskContinuation:Run (System.Threading.Tasks.Task,bool)
System.Threading.Tasks.Task:FinishContinuations ()
System.Threading.Tasks.Task:FinishStageThree ()
System.Threading.Tasks.Task`1<System.Threading.Tasks.VoidTaskResult>:TrySetResult (System.Threading.Tasks.VoidTaskResult)
System.Runtime.CompilerServices.AsyncTaskMethodBuilder`1<System.Threading.Tasks.VoidTaskResult>:SetResult (System.Threading.Tasks.VoidTaskResult)
System.Runtime.CompilerServices.AsyncTaskMethodBuilder`1<System.Threading.Tasks.VoidTaskResult>:SetResult (System.Threading.Tasks.Task`1<System.Threading.Tasks.VoidTaskResult>)
System.Runtime.CompilerServices.AsyncTaskMethodBuilder:SetResult ()
GLTFast.GltfImportBase/<WaitForAllMeshGenerators>d__150:MoveNext () (at ./Library/PackageCache/com.unity.cloud.gltfast@0847aee0f6da/Runtime/Scripts/GltfImport.cs:2529)
System.Runtime.CompilerServices.AsyncMethodBuilderCore/MoveNextRunner:InvokeMoveNext (object)
System.Threading.ExecutionContext:RunInternal (System.Threading.ExecutionContext,System.Threading.ContextCallback,object,bool)
System.Threading.ExecutionContext:Run (System.Threading.ExecutionContext,System.Threading.ContextCallback,object,bool)
System.Runtime.CompilerServices.AsyncMethodBuilderCore/MoveNextRunner:Run ()
System.Runtime.CompilerServices.YieldAwaitable/YieldAwaiter:RunAction (object)
UnityEngine.UnitySynchronizationContext/WorkRequest:Invoke () (at /Users/bokken/build/output/unity/unity/Runtime/Export/Scripting/UnitySynchronizationContext.cs:156)
UnityEngine.UnitySynchronizationContext:Exec () (at /Users/bokken/build/output/unity/unity/Runtime/Export/Scripting/UnitySynchronizationContext.cs:84)
UnityEngine.UnitySynchronizationContext:ExecuteTasks () (at /Users/bokken/build/output/unity/unity/Runtime/Export/Scripting/UnitySynchronizationContext.cs:110)

(Filename: Assets/Scripts/WarehouseGeometry/WarehouseGeometryTestController.cs Line: 61)

WAREHOUSE_TEST required=1.915m available=1.750m difference=-0.165m status=Blocked
UnityEngine.Debug:ExtractStackTraceNoAlloc (byte*,int,string)
UnityEngine.StackTraceUtility:ExtractStackTrace () (at /Users/bokken/build/output/unity/unity/Runtime/Export/Scripting/StackTrace.cs:35)
UnityEngine.DebugLogHandler:Internal_Log (UnityEngine.LogType,UnityEngine.LogOption,string,UnityEngine.Object)
UnityEngine.DebugLogHandler:LogFormat (UnityEngine.LogType,UnityEngine.Object,string,object[])
UnityEngine.Logger:Log (UnityEngine.LogType,object,UnityEngine.Object)
UnityEngine.Debug:Log (object,UnityEngine.Object)
SpatialGrid.WarehouseGeometry.WarehouseGeometryTestController/<Run>d__22:MoveNext () (at Assets/Scripts/WarehouseGeometry/WarehouseGeometryTestController.cs:62)
System.Runtime.CompilerServices.AsyncMethodBuilderCore/MoveNextRunner:InvokeMoveNext (object)
System.Threading.ExecutionContext:RunInternal (System.Threading.ExecutionContext,System.Threading.ContextCallback,object,bool)
System.Threading.ExecutionContext:Run (System.Threading.ExecutionContext,System.Threading.ContextCallback,object,bool)
System.Runtime.CompilerServices.AsyncMethodBuilderCore/MoveNextRunner:Run ()
System.Threading.Tasks.AwaitTaskContinuation:InvokeAction (object)
System.Threading.Tasks.AwaitTaskContinuation:RunCallback (System.Threading.ContextCallback,object,System.Threading.Tasks.Task&)
System.Threading.Tasks.SynchronizationContextAwaitTaskContinuation:Run (System.Threading.Tasks.Task,bool)
System.Threading.Tasks.Task:FinishContinuations ()
System.Threading.Tasks.Task:FinishStageThree ()
System.Threading.Tasks.Task`1<bool>:TrySetResult (bool)
System.Runtime.CompilerServices.AsyncTaskMethodBuilder`1<bool>:SetResult (bool)
GLTFast.GltfImportBase/<Load>d__59:MoveNext () (at ./Library/PackageCache/com.unity.cloud.gltfast@0847aee0f6da/Runtime/Scripts/GltfImport.cs:407)
System.Runtime.CompilerServices.AsyncMethodBuilderCore/MoveNextRunner:InvokeMoveNext (object)
System.Threading.ExecutionContext:RunInternal (System.Threading.ExecutionContext,System.Threading.ContextCallback,object,bool)
System.Threading.ExecutionContext:Run (System.Threading.ExecutionContext,System.Threading.ContextCallback,object,bool)
System.Runtime.CompilerServices.AsyncMethodBuilderCore/MoveNextRunner:Run ()
System.Threading.Tasks.AwaitTaskContinuation:InvokeAction (object)
System.Threading.Tasks.AwaitTaskContinuation:RunCallback (System.Threading.ContextCallback,object,System.Threading.Tasks.Task&)
System.Threading.Tasks.SynchronizationContextAwaitTaskContinuation:Run (System.Threading.Tasks.Task,bool)
System.Threading.Tasks.Task:FinishContinuations ()
System.Threading.Tasks.Task:FinishStageThree ()
System.Threading.Tasks.Task`1<bool>:TrySetResult (bool)
System.Runtime.CompilerServices.AsyncTaskMethodBuilder`1<bool>:SetResult (bool)
GLTFast.GltfImportBase/<Load>d__60:MoveNext () (at ./Library/PackageCache/com.unity.cloud.gltfast@0847aee0f6da/Runtime/Scripts/GltfImport.cs:425)
System.Runtime.CompilerServices.AsyncMethodBuilderCore/MoveNextRunner:InvokeMoveNext (object)
System.Threading.ExecutionContext:RunInternal (System.Threading.ExecutionContext,System.Threading.ContextCallback,object,bool)
System.Threading.ExecutionContext:Run (System.Threading.ExecutionContext,System.Threading.ContextCallback,object,bool)
System.Runtime.CompilerServices.AsyncMethodBuilderCore/MoveNextRunner:Run ()
System.Threading.Tasks.AwaitTaskContinuation:InvokeAction (object)
System.Threading.Tasks.AwaitTaskContinuation:RunCallback (System.Threading.ContextCallback,object,System.Threading.Tasks.Task&)
System.Threading.Tasks.SynchronizationContextAwaitTaskContinuation:Run (System.Threading.Tasks.Task,bool)
System.Threading.Tasks.Task:FinishContinuations ()
System.Threading.Tasks.Task:FinishStageThree ()
System.Threading.Tasks.Task`1<bool>:TrySetResult (bool)
System.Runtime.CompilerServices.AsyncTaskMethodBuilder`1<bool>:SetResult (bool)
GLTFast.GltfImportBase/<LoadFromUri>d__119:MoveNext () (at ./Library/PackageCache/com.unity.cloud.gltfast@0847aee0f6da/Runtime/Scripts/GltfImport.cs:1219)
System.Runtime.CompilerServices.AsyncMethodBuilderCore/MoveNextRunner:InvokeMoveNext (object)
System.Threading.ExecutionContext:RunInternal (System.Threading.ExecutionContext,System.Threading.ContextCallback,object,bool)
System.Threading.ExecutionContext:Run (System.Threading.ExecutionContext,System.Threading.ContextCallback,object,bool)
System.Runtime.CompilerServices.AsyncMethodBuilderCore/MoveNextRunner:Run ()
System.Threading.Tasks.AwaitTaskContinuation:InvokeAction (object)
System.Threading.Tasks.AwaitTaskContinuation:RunCallback (System.Threading.ContextCallback,object,System.Threading.Tasks.Task&)
System.Threading.Tasks.SynchronizationContextAwaitTaskContinuation:Run (System.Threading.Tasks.Task,bool)
System.Threading.Tasks.Task:FinishContinuations ()
System.Threading.Tasks.Task:FinishStageThree ()
System.Threading.Tasks.Task`1<bool>:TrySetResult (bool)
System.Runtime.CompilerServices.AsyncTaskMethodBuilder`1<bool>:SetResult (bool)
GLTFast.GltfImportBase/<Prepare>d__144:MoveNext () (at ./Library/PackageCache/com.unity.cloud.gltfast@0847aee0f6da/Runtime/Scripts/GltfImport.cs:2330)
System.Runtime.CompilerServices.AsyncMethodBuilderCore/MoveNextRunner:InvokeMoveNext (object)
System.Threading.ExecutionContext:RunInternal (System.Threading.ExecutionContext,System.Threading.ContextCallback,object,bool)
System.Threading.ExecutionContext:Run (System.Threading.ExecutionContext,System.Threading.ContextCallback,object,bool)
System.Runtime.CompilerServices.AsyncMethodBuilderCore/MoveNextRunner:Run ()
System.Threading.Tasks.AwaitTaskContinuation:InvokeAction (object)
System.Threading.Tasks.AwaitTaskContinuation:RunCallback (System.Threading.ContextCallback,object,System.Threading.Tasks.Task&)
System.Threading.Tasks.SynchronizationContextAwaitTaskContinuation:Run (System.Threading.Tasks.Task,bool)
System.Threading.Tasks.Task:FinishContinuations ()
System.Threading.Tasks.Task:FinishStageThree ()
System.Threading.Tasks.Task`1<System.Threading.Tasks.VoidTaskResult>:TrySetResult (System.Threading.Tasks.VoidTaskResult)
System.Runtime.CompilerServices.AsyncTaskMethodBuilder`1<System.Threading.Tasks.VoidTaskResult>:SetResult (System.Threading.Tasks.VoidTaskResult)
System.Runtime.CompilerServices.AsyncTaskMethodBuilder`1<System.Threading.Tasks.VoidTaskResult>:SetResult (System.Threading.Tasks.Task`1<System.Threading.Tasks.VoidTaskResult>)
System.Runtime.CompilerServices.AsyncTaskMethodBuilder:SetResult ()
GLTFast.GltfImportBase/<WaitForAllMeshGenerators>d__150:MoveNext () (at ./Library/PackageCache/com.unity.cloud.gltfast@0847aee0f6da/Runtime/Scripts/GltfImport.cs:2529)
System.Runtime.CompilerServices.AsyncMethodBuilderCore/MoveNextRunner:InvokeMoveNext (object)
System.Threading.ExecutionContext:RunInternal (System.Threading.ExecutionContext,System.Threading.ContextCallback,object,bool)
System.Threading.ExecutionContext:Run (System.Threading.ExecutionContext,System.Threading.ContextCallback,object,bool)
System.Runtime.CompilerServices.AsyncMethodBuilderCore/MoveNextRunner:Run ()
System.Runtime.CompilerServices.YieldAwaitable/YieldAwaiter:RunAction (object)
UnityEngine.UnitySynchronizationContext/WorkRequest:Invoke () (at /Users/bokken/build/output/unity/unity/Runtime/Export/Scripting/UnitySynchronizationContext.cs:156)
UnityEngine.UnitySynchronizationContext:Exec () (at /Users/bokken/build/output/unity/unity/Runtime/Export/Scripting/UnitySynchronizationContext.cs:84)
UnityEngine.UnitySynchronizationContext:ExecuteTasks () (at /Users/bokken/build/output/unity/unity/Runtime/Export/Scripting/UnitySynchronizationContext.cs:110)

(Filename: Assets/Scripts/WarehouseGeometry/WarehouseGeometryTestController.cs Line: 62)

WAREHOUSE_ACCEPTANCE legacyBypassed=true compressionRequired=false
UnityEngine.Debug:ExtractStackTraceNoAlloc (byte*,int,string)
UnityEngine.StackTraceUtility:ExtractStackTrace () (at /Users/bokken/build/output/unity/unity/Runtime/Export/Scripting/StackTrace.cs:35)
UnityEngine.DebugLogHandler:Internal_Log (UnityEngine.LogType,UnityEngine.LogOption,string,UnityEngine.Object)
UnityEngine.DebugLogHandler:LogFormat (UnityEngine.LogType,UnityEngine.Object,string,object[])
UnityEngine.Logger:Log (UnityEngine.LogType,object,UnityEngine.Object)
UnityEngine.Debug:Log (object,UnityEngine.Object)
SpatialGrid.WarehouseGeometry.WarehouseGeometryTestController/<Run>d__22:MoveNext () (at Assets/Scripts/WarehouseGeometry/WarehouseGeometryTestController.cs:70)
System.Runtime.CompilerServices.AsyncMethodBuilderCore/MoveNextRunner:InvokeMoveNext (object)
System.Threading.ExecutionContext:RunInternal (System.Threading.ExecutionContext,System.Threading.ContextCallback,object,bool)
System.Threading.ExecutionContext:Run (System.Threading.ExecutionContext,System.Threading.ContextCallback,object,bool)
System.Runtime.CompilerServices.AsyncMethodBuilderCore/MoveNextRunner:Run ()
System.Threading.Tasks.AwaitTaskContinuation:InvokeAction (object)
System.Threading.Tasks.AwaitTaskContinuation:RunCallback (System.Threading.ContextCallback,object,System.Threading.Tasks.Task&)
System.Threading.Tasks.SynchronizationContextAwaitTaskContinuation:Run (System.Threading.Tasks.Task,bool)
System.Threading.Tasks.Task:FinishContinuations ()
System.Threading.Tasks.Task:FinishStageThree ()
System.Threading.Tasks.Task`1<bool>:TrySetResult (bool)
System.Runtime.CompilerServices.AsyncTaskMethodBuilder`1<bool>:SetResult (bool)
GLTFast.GltfImportBase/<Load>d__59:MoveNext () (at ./Library/PackageCache/com.unity.cloud.gltfast@0847aee0f6da/Runtime/Scripts/GltfImport.cs:407)
System.Runtime.CompilerServices.AsyncMethodBuilderCore/MoveNextRunner:InvokeMoveNext (object)
System.Threading.ExecutionContext:RunInternal (System.Threading.ExecutionContext,System.Threading.ContextCallback,object,bool)
System.Threading.ExecutionContext:Run (System.Threading.ExecutionContext,System.Threading.ContextCallback,object,bool)
System.Runtime.CompilerServices.AsyncMethodBuilderCore/MoveNextRunner:Run ()
System.Threading.Tasks.AwaitTaskContinuation:InvokeAction (object)
System.Threading.Tasks.AwaitTaskContinuation:RunCallback (System.Threading.ContextCallback,object,System.Threading.Tasks.Task&)
System.Threading.Tasks.SynchronizationContextAwaitTaskContinuation:Run (System.Threading.Tasks.Task,bool)
System.Threading.Tasks.Task:FinishContinuations ()
System.Threading.Tasks.Task:FinishStageThree ()
System.Threading.Tasks.Task`1<bool>:TrySetResult (bool)
System.Runtime.CompilerServices.AsyncTaskMethodBuilder`1<bool>:SetResult (bool)
GLTFast.GltfImportBase/<Load>d__60:MoveNext () (at ./Library/PackageCache/com.unity.cloud.gltfast@0847aee0f6da/Runtime/Scripts/GltfImport.cs:425)
System.Runtime.CompilerServices.AsyncMethodBuilderCore/MoveNextRunner:InvokeMoveNext (object)
System.Threading.ExecutionContext:RunInternal (System.Threading.ExecutionContext,System.Threading.ContextCallback,object,bool)
System.Threading.ExecutionContext:Run (System.Threading.ExecutionContext,System.Threading.ContextCallback,object,bool)
System.Runtime.CompilerServices.AsyncMethodBuilderCore/MoveNextRunner:Run ()
System.Threading.Tasks.AwaitTaskContinuation:InvokeAction (object)
System.Threading.Tasks.AwaitTaskContinuation:RunCallback (System.Threading.ContextCallback,object,System.Threading.Tasks.Task&)
System.Threading.Tasks.SynchronizationContextAwaitTaskContinuation:Run (System.Threading.Tasks.Task,bool)
System.Threading.Tasks.Task:FinishContinuations ()
System.Threading.Tasks.Task:FinishStageThree ()
System.Threading.Tasks.Task`1<bool>:TrySetResult (bool)
System.Runtime.CompilerServices.AsyncTaskMethodBuilder`1<bool>:SetResult (bool)
GLTFast.GltfImportBase/<LoadFromUri>d__119:MoveNext () (at ./Library/PackageCache/com.unity.cloud.gltfast@0847aee0f6da/Runtime/Scripts/GltfImport.cs:1219)
System.Runtime.CompilerServices.AsyncMethodBuilderCore/MoveNextRunner:InvokeMoveNext (object)
System.Threading.ExecutionContext:RunInternal (System.Threading.ExecutionContext,System.Threading.ContextCallback,object,bool)
System.Threading.ExecutionContext:Run (System.Threading.ExecutionContext,System.Threading.ContextCallback,object,bool)
System.Runtime.CompilerServices.AsyncMethodBuilderCore/MoveNextRunner:Run ()
System.Threading.Tasks.AwaitTaskContinuation:InvokeAction (object)
System.Threading.Tasks.AwaitTaskContinuation:RunCallback (System.Threading.ContextCallback,object,System.Threading.Tasks.Task&)
System.Threading.Tasks.SynchronizationContextAwaitTaskContinuation:Run (System.Threading.Tasks.Task,bool)
System.Threading.Tasks.Task:FinishContinuations ()
System.Threading.Tasks.Task:FinishStageThree ()
System.Threading.Tasks.Task`1<bool>:TrySetResult (bool)
System.Runtime.CompilerServices.AsyncTaskMethodBuilder`1<bool>:SetResult (bool)
GLTFast.GltfImportBase/<Prepare>d__144:MoveNext () (at ./Library/PackageCache/com.unity.cloud.gltfast@0847aee0f6da/Runtime/Scripts/GltfImport.cs:2330)
System.Runtime.CompilerServices.AsyncMethodBuilderCore/MoveNextRunner:InvokeMoveNext (object)
System.Threading.ExecutionContext:RunInternal (System.Threading.ExecutionContext,System.Threading.ContextCallback,object,bool)
System.Threading.ExecutionContext:Run (System.Threading.ExecutionContext,System.Threading.ContextCallback,object,bool)
System.Runtime.CompilerServices.AsyncMethodBuilderCore/MoveNextRunner:Run ()
System.Threading.Tasks.AwaitTaskContinuation:InvokeAction (object)
System.Threading.Tasks.AwaitTaskContinuation:RunCallback (System.Threading.ContextCallback,object,System.Threading.Tasks.Task&)
System.Threading.Tasks.SynchronizationContextAwaitTaskContinuation:Run (System.Threading.Tasks.Task,bool)
System.Threading.Tasks.Task:FinishContinuations ()
System.Threading.Tasks.Task:FinishStageThree ()
System.Threading.Tasks.Task`1<System.Threading.Tasks.VoidTaskResult>:TrySetResult (System.Threading.Tasks.VoidTaskResult)
System.Runtime.CompilerServices.AsyncTaskMethodBuilder`1<System.Threading.Tasks.VoidTaskResult>:SetResult (System.Threading.Tasks.VoidTaskResult)
System.Runtime.CompilerServices.AsyncTaskMethodBuilder`1<System.Threading.Tasks.VoidTaskResult>:SetResult (System.Threading.Tasks.Task`1<System.Threading.Tasks.VoidTaskResult>)
System.Runtime.CompilerServices.AsyncTaskMethodBuilder:SetResult ()
GLTFast.GltfImportBase/<WaitForAllMeshGenerators>d__150:MoveNext () (at ./Library/PackageCache/com.unity.cloud.gltfast@0847aee0f6da/Runtime/Scripts/GltfImport.cs:2529)
System.Runtime.CompilerServices.AsyncMethodBuilderCore/MoveNextRunner:InvokeMoveNext (object)
System.Threading.ExecutionContext:RunInternal (System.Threading.ExecutionContext,System.Threading.ContextCallback,object,bool)
System.Threading.ExecutionContext:Run (System.Threading.ExecutionContext,System.Threading.ContextCallback,object,bool)
System.Runtime.CompilerServices.AsyncMethodBuilderCore/MoveNextRunner:Run ()
System.Runtime.CompilerServices.YieldAwaitable/YieldAwaiter:RunAction (object)
UnityEngine.UnitySynchronizationContext/WorkRequest:Invoke () (at /Users/bokken/build/output/unity/unity/Runtime/Export/Scripting/UnitySynchronizationContext.cs:156)
UnityEngine.UnitySynchronizationContext:Exec () (at /Users/bokken/build/output/unity/unity/Runtime/Export/Scripting/UnitySynchronizationContext.cs:84)
UnityEngine.UnitySynchronizationContext:ExecuteTasks () (at /Users/bokken/build/output/unity/unity/Runtime/Export/Scripting/UnitySynchronizationContext.cs:110)

(Filename: Assets/Scripts/WarehouseGeometry/WarehouseGeometryTestController.cs Line: 70)

PLAYMODE_RESULT required=1.915 available=1.750 difference=-0.165 status=Blocked
UnityEngine.Debug:ExtractStackTraceNoAlloc (byte*,int,string)
UnityEngine.StackTraceUtility:ExtractStackTrace () (at /Users/bokken/build/output/unity/unity/Runtime/Export/Scripting/StackTrace.cs:35)
UnityEngine.DebugLogHandler:Internal_Log (UnityEngine.LogType,UnityEngine.LogOption,string,UnityEngine.Object)
UnityEngine.DebugLogHandler:LogFormat (UnityEngine.LogType,UnityEngine.Object,string,object[])
UnityEngine.Logger:Log (UnityEngine.LogType,object)
UnityEngine.Debug:Log (object)
SpatialGrid.WarehouseGeometry.PlayModeTests.WarehouseGeometryPlayModeTests/<PublicRackAssembly_RuntimeMeasuresBlockedAtOnePointSevenFiveMeters>d__1:MoveNext () (at Assets/Tests/PlayMode/WarehouseGeometry/WarehouseGeometryPlayModeTests.cs:42)
UnityEngine.TestTools.TestEnumerator/<Execute>d__7:MoveNext () (at ./Library/PackageCache/com.unity.test-framework@0b7a23ab2e1d/UnityEngine.TestRunner/NUnitExtensions/Attributes/TestEnumerator.cs:44)
UnityEngine.TestTools.EnumerableTestMethodCommand/<ExecuteEnumerableAndRecordExceptions>d__4:MoveNext () (at ./Library/PackageCache/com.unity.test-framework@0b7a23ab2e1d/UnityEngine.TestRunner/NUnitExtensions/Commands/EnumerableTestMethodCommand.cs:79)
UnityEngine.TestTools.EnumerableTestMethodCommand:AdvanceEnumerator (System.Collections.IEnumerator) (at ./Library/PackageCache/com.unity.test-framework@0b7a23ab2e1d/UnityEngine.TestRunner/NUnitExtensions/Commands/EnumerableTestMethodCommand.cs:64)
UnityEngine.TestTools.EnumerableTestMethodCommand/<ExecuteEnumerable>d__2:MoveNext () (at ./Library/PackageCache/com.unity.test-framework@0b7a23ab2e1d/UnityEngine.TestRunner/NUnitExtensions/Commands/EnumerableTestMethodCommand.cs:47)
UnityEngine.TestRunner.NUnitExtensions.Runner.UnityLogCheckDelegatingCommand/<ExecuteEnumerable>d__3:MoveNext () (at ./Library/PackageCache/com.unity.test-framework@0b7a23ab2e1d/UnityEngine.TestRunner/NUnitExtensions/Runner/UnityLogCheckDelegatingCommand.cs:48)
UnityEngine.TestTools.BeforeAfterTestCommandBase`1/<ExecuteEnumerable>d__16<NUnit.Framework.ITestAction>:MoveNext () (at ./Library/PackageCache/com.unity.test-framework@0b7a23ab2e1d/UnityEngine.TestRunner/NUnitExtensions/Commands/BeforeAfterTestCommandBase.cs:212)
UnityEngine.TestTools.BeforeAfterTestCommandBase`1/<ExecuteEnumerable>d__16<System.Reflection.MethodInfo>:MoveNext () (at ./Library/PackageCache/com.unity.test-framework@0b7a23ab2e1d/UnityEngine.TestRunner/NUnitExtensions/Commands/BeforeAfterTestCommandBase.cs:212)
UnityEngine.TestTools.BeforeAfterTestCommandBase`1/<ExecuteEnumerable>d__16<System.Reflection.MethodInfo>:MoveNext () (at ./Library/PackageCache/com.unity.test-framework@0b7a23ab2e1d/UnityEngine.TestRunner/NUnitExtensions/Commands/BeforeAfterTestCommandBase.cs:212)
UnityEngine.TestTools.BeforeAfterTestCommandBase`1/<ExecuteEnumerable>d__16<UnityEngine.TestTools.IOuterUnityTestAction>:MoveNext () (at ./Library/PackageCache/com.unity.test-framework@0b7a23ab2e1d/UnityEngine.TestRunner/NUnitExtensions/Commands/BeforeAfterTestCommandBase.cs:212)
UnityEngine.TestTools.RetryCommand/<ExecuteEnumerable>d__2:MoveNext () (at ./Library/PackageCache/com.unity.test-framework@0b7a23ab2e1d/UnityEngine.TestRunner/NUnitExtensions/Commands/RetryCommand.cs:37)
UnityEngine.TestTools.RepeatCommand/<ExecuteEnumerable>d__2:MoveNext () (at ./Library/PackageCache/com.unity.test-framework@0b7a23ab2e1d/UnityEngine.TestRunner/NUnitExtensions/Commands/RepeatCommand.cs:36)
UnityEngine.TestTools.IgnoreTestCommand/<ExecuteEnumerable>d__3:MoveNext () (at ./Library/PackageCache/com.unity.test-framework@0b7a23ab2e1d/UnityEngine.TestRunner/NUnitExtensions/Commands/IgnoreTestCommand.cs:42)
UnityEngine.TestTools.StrictCheckCommand/<ExecuteEnumerable>d__2:MoveNext () (at ./Library/PackageCache/com.unity.test-framework@0b7a23ab2e1d/UnityEngine.TestRunner/NUnitExtensions/Commands/StrictCheckCommand.cs:29)
UnityEngine.TestTools.Utils.CoroutineRunner/<WrapEnumeratorForChecks>d__8:MoveNext () (at ./Library/PackageCache/com.unity.test-framework@0b7a23ab2e1d/UnityEngine.TestRunner/Utils/CoroutineRunner.cs:58)
UnityEngine.SetupCoroutine:InvokeMoveNext (System.Collections.IEnumerator,intptr) (at /Users/bokken/build/output/unity/unity/Runtime/Export/Scripting/Coroutines.cs:17)

(Filename: Assets/Tests/PlayMode/WarehouseGeometry/WarehouseGeometryPlayModeTests.cs Line: 42)

PLAYMODE_SCREENSHOT path=/Users/<redacted-local-user>/Desktop/Repos/Platform VR/SpatialGrid-VR/Assets/../blueprint/evidence/runtime/playmode_public_rack_screenshot.png exists=True bytes=244584
UnityEngine.Debug:ExtractStackTraceNoAlloc (byte*,int,string)
UnityEngine.StackTraceUtility:ExtractStackTrace () (at /Users/bokken/build/output/unity/unity/Runtime/Export/Scripting/StackTrace.cs:35)
UnityEngine.DebugLogHandler:Internal_Log (UnityEngine.LogType,UnityEngine.LogOption,string,UnityEngine.Object)
UnityEngine.DebugLogHandler:LogFormat (UnityEngine.LogType,UnityEngine.Object,string,object[])
UnityEngine.Logger:Log (UnityEngine.LogType,object)
UnityEngine.Debug:Log (object)
SpatialGrid.WarehouseGeometry.PlayModeTests.WarehouseGeometryPlayModeTests/<PublicRackAssembly_RuntimeMeasuresBlockedAtOnePointSevenFiveMeters>d__1:MoveNext () (at Assets/Tests/PlayMode/WarehouseGeometry/WarehouseGeometryPlayModeTests.cs:73)
UnityEngine.TestTools.TestEnumerator/<Execute>d__7:MoveNext () (at ./Library/PackageCache/com.unity.test-framework@0b7a23ab2e1d/UnityEngine.TestRunner/NUnitExtensions/Attributes/TestEnumerator.cs:44)
UnityEngine.TestTools.EnumerableTestMethodCommand/<ExecuteEnumerableAndRecordExceptions>d__4:MoveNext () (at ./Library/PackageCache/com.unity.test-framework@0b7a23ab2e1d/UnityEngine.TestRunner/NUnitExtensions/Commands/EnumerableTestMethodCommand.cs:79)
UnityEngine.TestTools.EnumerableTestMethodCommand:AdvanceEnumerator (System.Collections.IEnumerator) (at ./Library/PackageCache/com.unity.test-framework@0b7a23ab2e1d/UnityEngine.TestRunner/NUnitExtensions/Commands/EnumerableTestMethodCommand.cs:64)
UnityEngine.TestTools.EnumerableTestMethodCommand/<ExecuteEnumerable>d__2:MoveNext () (at ./Library/PackageCache/com.unity.test-framework@0b7a23ab2e1d/UnityEngine.TestRunner/NUnitExtensions/Commands/EnumerableTestMethodCommand.cs:47)
UnityEngine.TestRunner.NUnitExtensions.Runner.UnityLogCheckDelegatingCommand/<ExecuteEnumerable>d__3:MoveNext () (at ./Library/PackageCache/com.unity.test-framework@0b7a23ab2e1d/UnityEngine.TestRunner/NUnitExtensions/Runner/UnityLogCheckDelegatingCommand.cs:48)
UnityEngine.TestTools.BeforeAfterTestCommandBase`1/<ExecuteEnumerable>d__16<NUnit.Framework.ITestAction>:MoveNext () (at ./Library/PackageCache/com.unity.test-framework@0b7a23ab2e1d/UnityEngine.TestRunner/NUnitExtensions/Commands/BeforeAfterTestCommandBase.cs:212)
UnityEngine.TestTools.BeforeAfterTestCommandBase`1/<ExecuteEnumerable>d__16<System.Reflection.MethodInfo>:MoveNext () (at ./Library/PackageCache/com.unity.test-framework@0b7a23ab2e1d/UnityEngine.TestRunner/NUnitExtensions/Commands/BeforeAfterTestCommandBase.cs:212)
UnityEngine.TestTools.BeforeAfterTestCommandBase`1/<ExecuteEnumerable>d__16<System.Reflection.MethodInfo>:MoveNext () (at ./Library/PackageCache/com.unity.test-framework@0b7a23ab2e1d/UnityEngine.TestRunner/NUnitExtensions/Commands/BeforeAfterTestCommandBase.cs:212)
UnityEngine.TestTools.BeforeAfterTestCommandBase`1/<ExecuteEnumerable>d__16<UnityEngine.TestTools.IOuterUnityTestAction>:MoveNext () (at ./Library/PackageCache/com.unity.test-framework@0b7a23ab2e1d/UnityEngine.TestRunner/NUnitExtensions/Commands/BeforeAfterTestCommandBase.cs:212)
UnityEngine.TestTools.RetryCommand/<ExecuteEnumerable>d__2:MoveNext () (at ./Library/PackageCache/com.unity.test-framework@0b7a23ab2e1d/UnityEngine.TestRunner/NUnitExtensions/Commands/RetryCommand.cs:37)
UnityEngine.TestTools.RepeatCommand/<ExecuteEnumerable>d__2:MoveNext () (at ./Library/PackageCache/com.unity.test-framework@0b7a23ab2e1d/UnityEngine.TestRunner/NUnitExtensions/Commands/RepeatCommand.cs:36)
UnityEngine.TestTools.IgnoreTestCommand/<ExecuteEnumerable>d__3:MoveNext () (at ./Library/PackageCache/com.unity.test-framework@0b7a23ab2e1d/UnityEngine.TestRunner/NUnitExtensions/Commands/IgnoreTestCommand.cs:42)
UnityEngine.TestTools.StrictCheckCommand/<ExecuteEnumerable>d__2:MoveNext () (at ./Library/PackageCache/com.unity.test-framework@0b7a23ab2e1d/UnityEngine.TestRunner/NUnitExtensions/Commands/StrictCheckCommand.cs:29)
UnityEngine.TestTools.Utils.CoroutineRunner/<WrapEnumeratorForChecks>d__8:MoveNext () (at ./Library/PackageCache/com.unity.test-framework@0b7a23ab2e1d/UnityEngine.TestRunner/Utils/CoroutineRunner.cs:58)
UnityEngine.SetupCoroutine:InvokeMoveNext (System.Collections.IEnumerator,intptr) (at /Users/bokken/build/output/unity/unity/Runtime/Export/Scripting/Coroutines.cs:17)

(Filename: Assets/Tests/PlayMode/WarehouseGeometry/WarehouseGeometryPlayModeTests.cs Line: 73)

Saving results to: /Users/<redacted-local-user>/Library/Application Support/SpatialGrid/SG-VR/TestResults.xml
Saving results to: /Users/<redacted-local-user>/Desktop/Repos/Platform VR/SpatialGrid-VR/blueprint/evidence/environment/env003_playmode_results_20260910_111132.xml
Thread 0x3409ff000 may have been prematurely finalized
Unloading 7 Unused Serialized files (Serialized files now loaded: 0)
Loaded scene 'Temp/__Backupscenes/0.backup'
	Deserialize:            0.445 ms
	Integration:            244.221 ms
	Integration of assets:  0.001 ms
	Thread Wait Time:       0.009 ms
	Total Operation Time:   244.676 ms
Unloading 2 unused Assets / (73.1 KB). Loaded Objects now: 8712.
Memory consumption went from 322.4 MB to 322.3 MB.
Total: 17.065791 ms (FindLiveObjects: 0.490334 ms CreateObjectMapping: 0.128084 ms MarkObjects: 16.339250 ms  DeleteObjects: 0.107458 ms)

Executing IPostBuildCleanup for: Unity.PerformanceTesting.Editor.TestRunBuilder.
UnityEngine.Debug:ExtractStackTraceNoAlloc (byte*,int,string)
UnityEngine.StackTraceUtility:ExtractStackTrace () (at /Users/bokken/build/output/unity/unity/Runtime/Export/Scripting/StackTrace.cs:35)
UnityEngine.DebugLogHandler:Internal_Log (UnityEngine.LogType,UnityEngine.LogOption,string,UnityEngine.Object)
UnityEngine.DebugLogHandler:LogFormat (UnityEngine.LogType,UnityEngine.Object,string,object[])
UnityEngine.Logger:Log (UnityEngine.LogType,object)
UnityEngine.Debug:Log (object)
UnityEditor.TestTools.TestRunner.TestRun.Tasks.BuildActionTaskBase`1/<ExecuteMethods>d__8<UnityEngine.TestTools.IPostBuildCleanup>:MoveNext () (at ./Library/PackageCache/com.unity.test-framework@0b7a23ab2e1d/UnityEditor.TestRunner/TestRun/Tasks/BuildActionTaskBase.cs:48)
UnityEditor.TestTools.TestRunner.TestRun.Tasks.BuildActionTaskBase`1/<Execute>d__7<UnityEngine.TestTools.IPostBuildCleanup>:MoveNext () (at ./Library/PackageCache/com.unity.test-framework@0b7a23ab2e1d/UnityEditor.TestRunner/TestRun/Tasks/BuildActionTaskBase.cs:34)
UnityEditor.TestTools.TestRunner.TestRun.TestJobRunner:ExecuteStep () (at ./Library/PackageCache/com.unity.test-framework@0b7a23ab2e1d/UnityEditor.TestRunner/TestRun/TestJobRunner.cs:173)
UnityEditor.TestTools.TestRunner.TestRun.TestJobRunner:ExecuteCallback () (at ./Library/PackageCache/com.unity.test-framework@0b7a23ab2e1d/UnityEditor.TestRunner/TestRun/TestJobRunner.cs:108)
UnityEditor.EditorApplication:Internal_CallUpdateFunctions () (at /Users/bokken/build/output/unity/unity/Editor/Mono/EditorApplication.cs:392)

(Filename: ./Library/PackageCache/com.unity.test-framework@0b7a23ab2e1d/UnityEditor.TestRunner/TestRun/Tasks/BuildActionTaskBase.cs Line: 48)

Asset Pipeline Refresh (id=4310e5390482348a8a1fa3935527e4b3): Total: 0.201 seconds - Initiated by RefreshV2(NoUpdateAssetOptions)
Unloading 0 Unused Serialized files (Serialized files now loaded: 0)
Unloading 0 unused Assets / (0 B). Loaded Objects now: 8718.
Memory consumption went from 401.1 MB to 401.1 MB.
Total: 14.680792 ms (FindLiveObjects: 0.217917 ms CreateObjectMapping: 0.110667 ms MarkObjects: 14.343250 ms  DeleteObjects: 0.008667 ms)

Refreshing native plugins compatible for Editor in 2.38 ms, found 9 plugins.
Preloading 0 native plugins for Editor in 0.00 ms.
Asset Pipeline Refresh (id=e0f5cb376471b4bde93906f099e86b71): Total: 0.052 seconds - Initiated by StopAssetImportingV2(NoUpdateAssetOptions)
DisplayProgressbar: Undo
Test run completed. Exiting with code 0 (Ok). Run completed.
UnityEngine.Debug:ExtractStackTraceNoAlloc (byte*,int,string)
UnityEngine.StackTraceUtility:ExtractStackTrace () (at /Users/bokken/build/output/unity/unity/Runtime/Export/Scripting/StackTrace.cs:35)
UnityEngine.DebugLogHandler:Internal_Log (UnityEngine.LogType,UnityEngine.LogOption,string,UnityEngine.Object)
UnityEngine.DebugLogHandler:LogFormat (UnityEngine.LogType,UnityEngine.Object,string,object[])
UnityEngine.Logger:Log (UnityEngine.LogType,object)
UnityEngine.Debug:Log (object)
UnityEditor.TestTools.TestRunner.CommandLineTest.Executer:ExitApplication (UnityEditor.TestTools.TestRunner.CommandLineTest.Executer/ReturnCodes,string) (at ./Library/PackageCache/com.unity.test-framework@0b7a23ab2e1d/UnityEditor.TestRunner/CommandLineTest/Executer.cs:81)
UnityEditor.TestTools.TestRunner.CommandLineTest.Executer:ExitIfRunIsCompleted () (at ./Library/PackageCache/com.unity.test-framework@0b7a23ab2e1d/UnityEditor.TestRunner/CommandLineTest/Executer.cs:74)
UnityEditor.EditorApplication:Internal_CallUpdateFunctions () (at /Users/bokken/build/output/unity/unity/Editor/Mono/EditorApplication.cs:392)

(Filename: ./Library/PackageCache/com.unity.test-framework@0b7a23ab2e1d/UnityEditor.TestRunner/CommandLineTest/Executer.cs Line: 81)

Font Asset [LiberationSans SDF - Fallback] Units Per EM set to 2048. Please commit the newly serialized value.
UnityEngine.Debug:ExtractStackTraceNoAlloc (byte*,int,string)
UnityEngine.StackTraceUtility:ExtractStackTrace () (at /Users/bokken/build/output/unity/unity/Runtime/Export/Scripting/StackTrace.cs:35)
UnityEngine.DebugLogHandler:Internal_Log (UnityEngine.LogType,UnityEngine.LogOption,string,UnityEngine.Object)
UnityEngine.DebugLogHandler:LogFormat (UnityEngine.LogType,UnityEngine.Object,string,object[])
UnityEngine.Logger:Log (UnityEngine.LogType,object)
UnityEngine.Debug:Log (object)
TMPro.TMP_FontAsset:ReadFontAssetDefinition () (at ./Library/PackageCache/com.unity.ugui@bb329a87fcdc/Runtime/TMP/TMP_FontAsset.cs:819)
TMPro.TMP_FontAsset:OnValidate () (at ./Library/PackageCache/com.unity.ugui@bb329a87fcdc/Runtime/TMP/TMP_FontAsset.cs:757)
UnityEditor.AssetDatabase:LoadAssetAtPath (string,System.Type)
UnityEditor.AssetDatabase:LoadAssetAtPath<TMPro.TMP_FontAsset> (string) (at /Users/bokken/build/output/unity/unity/Modules/AssetDatabase/Editor/ScriptBindings/AssetDatabase.bindings.cs:383)
TMPro.EditorEventCallbacks/<>c:<InitializeFontAssetResourceChangeCallBacks>b__0_0 () (at ./Library/PackageCache/com.unity.ugui@bb329a87fcdc/Editor/TMP/TMP_EditorResourceManager.cs:32)
UnityEditor.EditorApplication:Internal_EditorApplicationQuit () (at /Users/bokken/build/output/unity/unity/Editor/Mono/EditorApplication.cs:128)
UnityEditor.TestTools.TestRunner.CommandLineTest.Executer:ExitApplication (UnityEditor.TestTools.TestRunner.CommandLineTest.Executer/ReturnCodes,string) (at ./Library/PackageCache/com.unity.test-framework@0b7a23ab2e1d/UnityEditor.TestRunner/CommandLineTest/Executer.cs:83)
UnityEditor.TestTools.TestRunner.CommandLineTest.Executer:ExitIfRunIsCompleted () (at ./Library/PackageCache/com.unity.test-framework@0b7a23ab2e1d/UnityEditor.TestRunner/CommandLineTest/Executer.cs:74)
UnityEditor.EditorApplication:Internal_CallUpdateFunctions () (at /Users/bokken/build/output/unity/unity/Editor/Mono/EditorApplication.cs:392)

(Filename: ./Library/PackageCache/com.unity.ugui@bb329a87fcdc/Runtime/TMP/TMP_FontAsset.cs Line: 819)

Font Asset [LiberationSans SDF - Fallback] Units Per EM set to 2048. Please commit the newly serialized value.
UnityEngine.Debug:ExtractStackTraceNoAlloc (byte*,int,string)
UnityEngine.StackTraceUtility:ExtractStackTrace () (at /Users/bokken/build/output/unity/unity/Runtime/Export/Scripting/StackTrace.cs:35)
UnityEngine.DebugLogHandler:Internal_Log (UnityEngine.LogType,UnityEngine.LogOption,string,UnityEngine.Object)
UnityEngine.DebugLogHandler:LogFormat (UnityEngine.LogType,UnityEngine.Object,string,object[])
UnityEngine.Logger:Log (UnityEngine.LogType,object)
UnityEngine.Debug:Log (object)
TMPro.TMP_FontAsset:ReadFontAssetDefinition () (at ./Library/PackageCache/com.unity.ugui@bb329a87fcdc/Runtime/TMP/TMP_FontAsset.cs:819)
TMPro.TMP_FontAsset:OnValidate () (at ./Library/PackageCache/com.unity.ugui@bb329a87fcdc/Runtime/TMP/TMP_FontAsset.cs:757)
UnityEditor.AssetDatabase:LoadAssetAtPath (string,System.Type)
UnityEditor.AssetDatabase:LoadAssetAtPath<TMPro.TMP_FontAsset> (string) (at /Users/bokken/build/output/unity/unity/Modules/AssetDatabase/Editor/ScriptBindings/AssetDatabase.bindings.cs:383)
TMPro.EditorEventCallbacks/<>c:<InitializeFontAssetResourceChangeCallBacks>b__0_0 () (at ./Library/PackageCache/com.unity.ugui@bb329a87fcdc/Editor/TMP/TMP_EditorResourceManager.cs:32)
UnityEditor.EditorApplication:Internal_EditorApplicationQuit () (at /Users/bokken/build/output/unity/unity/Editor/Mono/EditorApplication.cs:128)
UnityEditor.TestTools.TestRunner.CommandLineTest.Executer:ExitApplication (UnityEditor.TestTools.TestRunner.CommandLineTest.Executer/ReturnCodes,string) (at ./Library/PackageCache/com.unity.test-framework@0b7a23ab2e1d/UnityEditor.TestRunner/CommandLineTest/Executer.cs:83)
UnityEditor.TestTools.TestRunner.CommandLineTest.Executer:ExitIfRunIsCompleted () (at ./Library/PackageCache/com.unity.test-framework@0b7a23ab2e1d/UnityEditor.TestRunner/CommandLineTest/Executer.cs:74)
UnityEditor.EditorApplication:Internal_CallUpdateFunctions () (at /Users/bokken/build/output/unity/unity/Editor/Mono/EditorApplication.cs:392)

(Filename: ./Library/PackageCache/com.unity.ugui@bb329a87fcdc/Runtime/TMP/TMP_FontAsset.cs Line: 819)

Start importing Assets/XR/Settings/OpenXR Package Settings.asset using Guid(d5a958a8ebc024e8e9740aa54c7756b6) (NativeFormatImporter) -> (artifact id: '002c107acaa8a3b3d36abbe5b61d2930') in 0.00181075 seconds
Start importing Assets/Oculus/OculusProjectConfig.asset using Guid(0b6fd7c0d304b984294044d37aa8ff2c) (NativeFormatImporter) -> (artifact id: 'd10ac704700672cbc2dc32d322140413') in 0.000763875 seconds
Refreshing native plugins compatible for Editor in 3.34 ms, found 9 plugins.
Preloading 0 native plugins for Editor in 0.00 ms.
Asset Pipeline Refresh (id=2c67877aba9a64ce189178c026ac01f1): Total: 0.020 seconds - Initiated by StopAssetImportingV2(NoUpdateAssetOptions)
Thread 0x37d6eb000 may have been prematurely finalized
Input System module state changed to: ShutdownInProgress.
Input System polling thread exited.
Input System module state changed to: Shutdown.
[Physics::Module] Cleanup current backend.
[Physics::Module] Id: 0xf2b8ea05
[Licensing::IpcConnector] LicenseClient-redacted-local-user-notifications channel disconnected successfully.
[Licensing::IpcConnector] LicenseClient-redacted-local-user channel disconnected successfully.
Thread 0x17fed3000 may have been prematurely finalized
Thread 0x17fe47000 may have been prematurely finalized
Thread 0x17ff5f000 may have been prematurely finalized
Thread 0x17ffeb000 may have been prematurely finalized
Thread 0x318113000 may have been prematurely finalized
Thread 0x318087000 may have been prematurely finalized
Thread 0x31819f000 may have been prematurely finalized
Thread 0x31822b000 may have been prematurely finalized
Thread 0x3182b7000 may have been prematurely finalized
Thread 0x318343000 may have been prematurely finalized
AcceleratorClientConnectionCallback - disconnected - :0
[40m[32minfo[39m[22m[49m: Microsoft.Hosting.Lifetime[0]
      Application is shutting down...
Cleanup mono
[40m[32minfo[39m[22m[49m: Unity.ILPP.Runner.PostProcessingAssemblyLoadContext[0]
      ALC ILPP context 1 is unloading
debugger-agent: Unable to listen on 43
10/09 11:11:38.442 {DEBUG}   [AnalyticsLifeTime] Post-migration initialization finished.
